DATE,CLOSE,TICKER,OPEN,HIGH,LOW,VOLUME
19/10/2017,828.93,VNIndex,828.89,831.61,825.50,143640120.0
18/10/2017,827.72,VNIndex,829.43,831.15,826.72,183072810.0
17/10/2017,828.29,VNIndex,819.51,828.29,819.43,162264680.0
16/10/2017,819.43,VNIndex,821.54,823.85,819.43,149580780.0
13/10/2017,820.95,VNIndex,814.60,820.95,814.20,141204400.0
12/10/2017,815.87,VNIndex,814.43,818.44,813.72,136859420.0
11/10/2017,813.95,VNIndex,811.20,815.11,811.20,162513710.0
10/10/2017,810.65,VNIndex,808.43,810.65,806.30,138184800.0
09/10/2017,808.96,VNIndex,809.61,810.75,806.78,129146140.0
06/10/2017,807.80,VNIndex,805.70,808.13,803.81,119935950.0
05/10/2017,805.23,VNIndex,806.56,810.54,805.22,139251920.0
04/10/2017,805.66,VNIndex,797.39,805.66,797.00,109372380.0
03/10/2017,798.00,VNIndex,803.98,804.39,795.05,148218410.0
02/10/2017,802.23,VNIndex,805.29,808.09,801.70,101196300.0
29/09/2017,804.42,VNIndex,805.07,808.77,804.42,124224690.0
28/09/2017,804.82,VNIndex,803.10,810.35,803.10,161949260.0
27/09/2017,803.77,VNIndex,803.32,805.04,801.74,142029330.0
26/09/2017,805.35,VNIndex,806.40,806.84,801.66,155559280.0
25/09/2017,805.58,VNIndex,806.90,807.64,802.23,126085700.0
22/09/2017,807.13,VNIndex,805.15,808.16,803.94,150381610.0
21/09/2017,803.93,VNIndex,805.29,806.52,802.60,130767410.0
20/09/2017,805.86,VNIndex,806.88,807.51,803.33,137443940.0
19/09/2017,805.93,VNIndex,807.41,810.13,805.87,160487610.0
18/09/2017,807.87,VNIndex,808.51,809.39,805.37,167579320.0
15/09/2017,805.82,VNIndex,803.35,805.82,802.08,142760690.0
14/09/2017,806.32,VNIndex,803.34,807.29,803.23,139352800.0
13/09/2017,802.78,VNIndex,802.85,804.38,800.39,139692830.0
12/09/2017,799.94,VNIndex,795.53,801.01,794.88,133449030.0
11/09/2017,797.47,VNIndex,801.20,805.44,797.47,138929970.0
08/09/2017,801.20,VNIndex,797.98,802.90,797.82,122071810.0
07/09/2017,796.72,VNIndex,793.61,798.58,792.77,143540810.0
06/09/2017,793.55,VNIndex,792.16,793.82,788.89,144147770.0
05/09/2017,792.31,VNIndex,790.26,794.46,787.80,153091050.0
01/09/2017,788.73,VNIndex,784.42,789.19,784.18,137914410.0
31/08/2017,782.76,VNIndex,779.19,785.78,778.19,191640520.0
30/08/2017,778.65,VNIndex,774.31,778.65,773.85,193496470.0
29/08/2017,774.03,VNIndex,773.91,777.11,773.87,255981300.0
28/08/2017,777.26,VNIndex,771.81,777.26,770.51,240572610.0
25/08/2017,771.63,VNIndex,769.07,771.63,768.57,218265430.0
24/08/2017,769.77,VNIndex,766.48,771.65,764.64,208905050.0
23/08/2017,765.98,VNIndex,762.42,765.98,759.01,152531930.0
22/08/2017,761.26,VNIndex,768.20,768.44,760.30,145570650.0
21/08/2017,768.79,VNIndex,767.42,769.71,765.95,152284410.0
18/08/2017,768.97,VNIndex,762.82,770.79,762.46,162337400.0
17/08/2017,767.59,VNIndex,773.48,774.47,767.59,220817310.0
16/08/2017,773.57,VNIndex,771.10,773.57,766.80,156131920.0
15/08/2017,771.06,VNIndex,776.64,776.83,770.09,145550720.0
14/08/2017,776.17,VNIndex,770.65,776.42,770.65,159668260.0
11/08/2017,772.08,VNIndex,771.86,774.31,769.14,156752670.0
10/08/2017,773.43,VNIndex,769.58,776.77,769.58,178275390.0
09/08/2017,773.66,VNIndex,789.15,789.15,773.66,292795000.0
08/08/2017,791.57,VNIndex,795.80,796.62,789.84,213526640.0
07/08/2017,792.98,VNIndex,789.41,796.09,788.66,210236060.0
04/08/2017,788.68,VNIndex,789.46,790.12,786.09,189688130.0
03/08/2017,788.49,VNIndex,786.19,790.82,786.19,195378820.0
02/08/2017,786.23,VNIndex,783.45,788.97,779.81,194673150.0
01/08/2017,786.81,VNIndex,784.44,787.68,784.15,201082610.0
31/07/2017,783.55,VNIndex,777.54,783.58,776.72,258874940.0
28/07/2017,777.09,VNIndex,771.21,777.09,770.82,177186920.0
27/07/2017,771.50,VNIndex,773.21,774.97,770.30,191436360.0
26/07/2017,773.88,VNIndex,769.35,773.88,764.92,188632680.0
25/07/2017,767.27,VNIndex,757.43,767.27,757.35,139582860.0
24/07/2017,759.74,VNIndex,759.97,761.64,753.82,146939630.0
21/07/2017,761.86,VNIndex,768.90,770.43,761.86,162474290.0
20/07/2017,768.41,VNIndex,768.56,768.56,763.55,172385410.0
19/07/2017,771.30,VNIndex,771.33,774.12,770.18,205221170.0
18/07/2017,767.49,VNIndex,766.88,770.37,762.68,201070890.0
17/07/2017,768.91,VNIndex,777.70,778.30,766.47,225823120.0
14/07/2017,777.60,VNIndex,779.72,780.65,776.88,189794180.0
13/07/2017,778.30,VNIndex,777.12,778.30,773.85,183216330.0
12/07/2017,774.17,VNIndex,772.60,775.08,769.83,163777890.0
11/07/2017,769.36,VNIndex,766.56,769.36,761.57,198964720.0
10/07/2017,766.56,VNIndex,775.85,775.85,764.43,207350440.0
07/07/2017,775.73,VNIndex,783.73,783.81,775.73,237199480.0
06/07/2017,782.65,VNIndex,780.50,782.77,779.99,217291680.0
05/07/2017,778.32,VNIndex,775.85,778.32,773.81,202611490.0
04/07/2017,775.54,VNIndex,779.15,779.15,772.90,210154270.0
03/07/2017,778.88,VNIndex,777.20,780.01,775.53,184646110.0
30/06/2017,776.47,VNIndex,773.46,776.50,773.46,174259020.0
29/06/2017,771.75,VNIndex,771.26,773.08,769.89,198168950.0
28/06/2017,769.04,VNIndex,766.82,769.04,762.78,183664140.0
27/06/2017,767.51,VNIndex,773.15,773.40,767.19,217431160.0
26/06/2017,772.52,VNIndex,770.50,773.14,769.73,212474720.0
23/06/2017,769.01,VNIndex,765.66,769.01,763.64,212981550.0
22/06/2017,766.30,VNIndex,768.41,769.99,766.30,195187930.0
21/06/2017,767.41,VNIndex,765.71,767.83,758.90,192993090.0
20/06/2017,767.99,VNIndex,767.59,768.29,764.42,174082870.0
19/06/2017,766.83,VNIndex,763.75,766.83,762.33,178804100.0
16/06/2017,761.24,VNIndex,761.75,762.43,759.98,197513460.0
15/06/2017,760.57,VNIndex,760.38,762.98,758.17,167145290.0
14/06/2017,760.77,VNIndex,758.26,761.70,756.82,171867720.0
13/06/2017,756.89,VNIndex,752.35,756.89,750.10,161472560.0
12/06/2017,751.09,VNIndex,751.33,753.41,749.00,168761640.0
09/06/2017,749.72,VNIndex,749.46,752.01,749.04,170501090.0
08/06/2017,750.13,VNIndex,751.70,751.96,748.91,177252320.0
07/06/2017,753.46,VNIndex,752.75,754.92,751.65,192345690.0
06/06/2017,751.31,VNIndex,743.99,751.31,743.99,170947990.0
05/06/2017,743.49,VNIndex,739.13,745.14,738.35,157936290.0
02/06/2017,738.81,VNIndex,741.48,742.11,736.09,158389700.0
01/06/2017,741.80,VNIndex,739.45,742.23,738.71,136773790.0
31/05/2017,737.82,VNIndex,738.91,741.93,735.39,186925620.0
30/05/2017,738.21,VNIndex,747.07,747.43,738.21,243929050.0
29/05/2017,746.25,VNIndex,746.08,748.06,745.31,238391340.0
26/05/2017,743.41,VNIndex,741.40,743.46,740.60,182563920.0
25/05/2017,741.91,VNIndex,744.24,746.48,740.89,192545970.0
24/05/2017,742.74,VNIndex,739.91,744.27,737.30,199021090.0
23/05/2017,740.93,VNIndex,744.32,746.18,740.28,259818180.0
22/05/2017,744.10,VNIndex,738.63,746.87,738.63,239413730.0
19/05/2017,733.82,VNIndex,727.61,733.82,726.79,206013150.0
18/05/2017,726.99,VNIndex,723.80,729.00,723.80,207715300.0
17/05/2017,727.20,VNIndex,724.01,728.01,722.81,198418941.0
16/05/2017,725.03,VNIndex,725.84,727.86,725.03,284360815.0
15/05/2017,725.35,VNIndex,725.25,726.19,723.18,225204780.0
12/05/2017,725.37,VNIndex,724.63,726.40,724.41,176373637.0
11/05/2017,724.99,VNIndex,724.84,726.82,723.39,184549470.0
10/05/2017,724.31,VNIndex,721.94,727.52,721.81,207090219.0
09/05/2017,722.11,VNIndex,717.55,722.11,716.95,208726890.0
08/05/2017,718.86,VNIndex,720.61,720.61,717.98,200765930.0
05/05/2017,720.00,VNIndex,720.39,721.65,719.86,179559890.0
04/05/2017,722.02,VNIndex,717.98,723.22,717.98,199862840.0
03/05/2017,719.54,VNIndex,718.70,719.54,716.66,169302120.0
28/04/2017,717.73,VNIndex,715.90,718.54,713.83,175317340.0
27/04/2017,716.53,VNIndex,711.74,716.53,711.38,163516320.0
26/04/2017,710.04,VNIndex,706.36,710.04,706.32,134367260.0
25/04/2017,707.58,VNIndex,709.00,709.81,706.04,117943390.0
24/04/2017,709.39,VNIndex,711.60,712.77,709.39,129826020.0
21/04/2017,712.41,VNIndex,712.77,715.08,711.08,132811530.0
20/04/2017,712.66,VNIndex,716.76,716.76,712.66,125260980.0
19/04/2017,716.77,VNIndex,714.87,716.77,714.02,142094700.0
18/04/2017,714.93,VNIndex,708.64,714.93,705.55,156906940.0
17/04/2017,710.83,VNIndex,718.93,721.78,710.83,154510130.0
14/04/2017,718.45,VNIndex,722.47,722.96,714.13,183224860.0
13/04/2017,724.35,VNIndex,725.54,727.34,723.88,168105900.0
12/04/2017,725.58,VNIndex,731.62,732.87,724.48,213521570.0
11/04/2017,731.33,VNIndex,730.15,732.24,730.15,197010310.0
10/04/2017,729.87,VNIndex,728.71,730.90,727.77,144425190.0
07/04/2017,727.95,VNIndex,721.85,727.95,720.28,189771920.0
05/04/2017,723.22,VNIndex,724.89,726.03,722.49,196707340.0
04/04/2017,724.14,VNIndex,723.70,724.67,722.79,187134630.0
03/04/2017,722.38,VNIndex,723.02,724.37,721.58,177623170.0
31/03/2017,722.31,VNIndex,725.97,726.67,722.31,181949340.0
30/03/2017,723.86,VNIndex,721.87,725.91,721.87,180388070.0
29/03/2017,720.47,VNIndex,719.08,721.92,718.37,172783250.0
28/03/2017,719.26,VNIndex,724.37,725.00,718.66,186623970.0
27/03/2017,723.52,VNIndex,723.23,725.57,721.41,207369580.0
24/03/2017,722.14,VNIndex,722.42,724.36,719.95,200241730.0
23/03/2017,719.56,VNIndex,712.61,719.56,712.61,176869560.0
22/03/2017,712.94,VNIndex,715.78,720.68,712.94,254610300.0
21/03/2017,716.18,VNIndex,717.03,718.80,714.78,201545030.0
20/03/2017,715.07,VNIndex,711.44,717.54,711.44,158390700.0
17/03/2017,710.54,VNIndex,715.82,717.10,710.54,235368860.0
16/03/2017,714.92,VNIndex,712.56,715.03,710.66,162314460.0
15/03/2017,713.14,VNIndex,715.63,716.49,713.14,129782600.0
14/03/2017,714.71,VNIndex,709.90,716.49,709.29,125968160.0
13/03/2017,710.17,VNIndex,711.93,712.63,707.63,128790790.0
10/03/2017,712.21,VNIndex,715.85,716.81,712.21,185800020.0
09/03/2017,715.80,VNIndex,715.86,718.23,714.96,185884380.0
08/03/2017,716.60,VNIndex,715.04,718.78,713.89,162940400.0
07/03/2017,716.54,VNIndex,716.46,716.95,714.27,176411640.0
06/03/2017,716.29,VNIndex,714.61,718.04,714.01,156471030.0
03/03/2017,712.62,VNIndex,708.23,712.62,705.83,163479620.0
02/03/2017,707.51,VNIndex,712.68,713.53,707.51,164954330.0
01/03/2017,709.52,VNIndex,710.70,712.49,705.79,211022340.0
28/02/2017,710.79,VNIndex,718.24,719.14,710.79,183667860.0
27/02/2017,717.44,VNIndex,711.70,718.37,711.70,176837600.0
24/02/2017,714.47,VNIndex,716.35,717.94,713.70,231146780.0
23/02/2017,716.87,VNIndex,717.49,719.58,712.36,211235150.0
22/02/2017,717.24,VNIndex,717.77,719.09,715.36,213358850.0
21/02/2017,716.55,VNIndex,711.49,718.06,711.49,198966880.0
20/02/2017,710.59,VNIndex,705.72,711.40,704.41,186577070.0
17/02/2017,707.83,VNIndex,709.52,710.21,705.84,158563960.0
16/02/2017,709.35,VNIndex,712.61,717.57,709.35,189608500.0
15/02/2017,711.57,VNIndex,706.84,711.73,706.84,152178230.0
14/02/2017,706.26,VNIndex,706.41,707.32,703.85,169469810.0
13/02/2017,705.90,VNIndex,704.61,706.47,703.58,158112440.0
10/02/2017,703.78,VNIndex,701.15,704.08,701.15,129049870.0
09/02/2017,700.65,VNIndex,700.93,702.64,700.21,138329170.0
08/02/2017,702.04,VNIndex,702.67,702.77,700.47,131301380.0
07/02/2017,701.91,VNIndex,699.99,703.30,698.99,151064680.0
06/02/2017,700.04,VNIndex,702.02,702.02,696.92,115790760.0
03/02/2017,700.35,VNIndex,704.69,708.10,700.09,119246940.0
02/02/2017,703.18,VNIndex,699.80,703.20,697.71,82117060.00
25/01/2017,697.28,VNIndex,693.07,697.28,691.19,89267610.00
24/01/2017,691.36,VNIndex,687.08,692.75,687.08,92470490.00
23/01/2017,687.15,VNIndex,687.83,689.47,686.46,75819770.00
20/01/2017,686.26,VNIndex,684.05,688.42,684.05,80002540.00
19/01/2017,682.31,VNIndex,683.02,684.19,680.80,69116870.00
18/01/2017,683.28,VNIndex,683.74,688.07,683.28,84747660.00
17/01/2017,684.71,VNIndex,678.83,684.73,678.83,94123250.00
16/01/2017,677.94,VNIndex,684.62,684.82,677.85,76123340.00
13/01/2017,685.06,VNIndex,686.58,688.62,685.06,82155530.00
12/01/2017,686.96,VNIndex,688.71,688.99,685.59,102618890.0
11/01/2017,687.16,VNIndex,680.85,687.16,680.85,96461920.00
10/01/2017,681.07,VNIndex,682.77,683.02,680.76,78938330.00
09/01/2017,682.57,VNIndex,681.74,684.88,681.74,88221600.00
06/01/2017,679.80,VNIndex,675.35,683.76,675.22,111701460.0
05/01/2017,675.81,VNIndex,674.82,675.92,673.31,93164371.00
04/01/2017,674.70,VNIndex,672.58,675.93,672.21,92285170.00
03/01/2017,672.01,VNIndex,665.92,672.34,665.43,79722650.00
30/12/2016,664.87,VNIndex,664.17,665.49,663.39,90082950.00
29/12/2016,664.72,VNIndex,666.43,666.43,663.95,99258510.00
28/12/2016,663.50,VNIndex,665.90,666.64,661.80,101515350.0
27/12/2016,663.86,VNIndex,662.66,665.50,661.41,95593140.00
26/12/2016,662.45,VNIndex,665.67,665.73,662.09,67252060.00
23/12/2016,664.37,VNIndex,663.75,664.37,659.18,72131790.00
22/12/2016,664.15,VNIndex,669.01,669.95,663.70,86318960.00
21/12/2016,666.94,VNIndex,662.36,667.06,657.40,82463680.00
20/12/2016,662.66,VNIndex,673.93,674.28,662.66,92619080.00
19/12/2016,674.33,VNIndex,673.98,679.90,673.88,107085610.0
16/12/2016,675.16,VNIndex,670.43,675.19,668.30,155852900.0
15/12/2016,665.92,VNIndex,668.07,668.07,664.08,107135700.0
14/12/2016,665.14,VNIndex,657.39,665.14,657.39,193827050.0
13/12/2016,654.66,VNIndex,662.27,663.54,654.34,111295850.0
12/12/2016,659.70,VNIndex,663.70,664.67,658.84,94354570.00
09/12/2016,663.07,VNIndex,659.46,664.46,659.46,79953030.00
08/12/2016,658.89,VNIndex,655.48,660.72,655.48,90796840.00
07/12/2016,653.53,VNIndex,648.63,654.13,647.33,103897120.0
06/12/2016,651.49,VNIndex,660.68,660.77,648.37,117960660.0
05/12/2016,660.21,VNIndex,663.06,663.87,658.11,87046940.00
02/12/2016,665.14,VNIndex,667.02,667.39,662.09,106687860.0
01/12/2016,666.54,VNIndex,670.75,670.81,666.54,107595380.0
30/11/2016,665.07,VNIndex,658.44,665.78,654.99,115315370.0
29/11/2016,658.26,VNIndex,665.11,667.79,658.26,111429590.0
28/11/2016,665.29,VNIndex,672.38,673.18,660.96,94780750.00
25/11/2016,675.87,VNIndex,678.47,678.87,671.48,108511930.0
24/11/2016,678.18,VNIndex,683.61,683.61,676.39,117539200.0
23/11/2016,683.16,VNIndex,681.17,684.12,679.81,109567320.0
22/11/2016,681.91,VNIndex,675.23,681.91,675.23,106254350.0
21/11/2016,674.29,VNIndex,673.20,675.04,671.65,96259380.00
18/11/2016,673.25,VNIndex,673.82,675.15,669.18,96180820.00
17/11/2016,674.57,VNIndex,674.50,676.48,673.13,119114290.0
16/11/2016,674.60,VNIndex,674.85,676.90,673.95,102400010.0
15/11/2016,674.26,VNIndex,673.75,675.73,671.55,105064180.0
14/11/2016,673.05,VNIndex,677.13,679.96,672.45,111753270.0
11/11/2016,679.20,VNIndex,678.38,679.56,676.73,96643530.00
10/11/2016,678.17,VNIndex,675.36,678.57,675.18,104949360.0
09/11/2016,670.26,VNIndex,675.57,675.57,656.68,129849160.0
08/11/2016,676.46,VNIndex,675.82,677.91,674.33,77559310.00
07/11/2016,674.14,VNIndex,667.12,674.36,666.61,86516180.00
04/11/2016,666.73,VNIndex,666.93,668.99,665.08,74501690.00
03/11/2016,667.63,VNIndex,668.66,668.66,661.86,114649680.0
02/11/2016,671.40,VNIndex,675.68,678.14,671.40,128035040.0
01/11/2016,676.60,VNIndex,675.13,676.60,672.33,103689100.0
31/10/2016,675.80,VNIndex,682.11,683.34,675.80,114384030.0
28/10/2016,682.25,VNIndex,676.74,682.25,675.85,103029880.0
27/10/2016,676.90,VNIndex,672.81,676.90,671.61,85549590.00
26/10/2016,673.61,VNIndex,674.51,675.94,670.80,91959690.00
25/10/2016,676.18,VNIndex,676.29,677.47,670.60,108043320.0
24/10/2016,678.02,VNIndex,683.14,684.51,677.89,91994310.00
21/10/2016,684.83,VNIndex,685.77,687.54,683.76,111996680.0
20/10/2016,686.39,VNIndex,690.45,690.86,685.63,106042150.0
19/10/2016,688.89,VNIndex,683.83,689.88,683.25,122517570.0
18/10/2016,682.02,VNIndex,680.44,682.99,678.13,100892180.0
17/10/2016,680.95,VNIndex,687.18,687.94,680.95,106159380.0
14/10/2016,687.00,VNIndex,685.06,690.62,684.78,134748710.0
13/10/2016,685.23,VNIndex,680.73,685.23,678.79,117781230.0
12/10/2016,682.45,VNIndex,683.88,686.18,681.12,107650470.0
11/10/2016,682.36,VNIndex,677.63,682.36,669.20,126219300.0
10/10/2016,674.19,VNIndex,684.05,684.46,674.19,119618590.0
07/10/2016,683.95,VNIndex,689.51,690.19,680.26,128830960.0
06/10/2016,687.32,VNIndex,689.10,690.93,687.32,140831260.0
05/10/2016,687.04,VNIndex,686.41,689.50,685.48,106465990.0
04/10/2016,684.20,VNIndex,682.82,689.17,680.24,111644670.0
03/10/2016,683.05,VNIndex,687.68,688.42,681.99,108519140.0
30/09/2016,685.73,VNIndex,688.05,689.12,684.62,102428420.0
29/09/2016,688.55,VNIndex,689.82,692.17,685.91,109747830.0
28/09/2016,686.72,VNIndex,684.99,687.94,682.98,111646620.0
27/09/2016,684.89,VNIndex,676.61,684.89,676.24,115019350.0
26/09/2016,677.04,VNIndex,673.21,677.04,671.51,91965270.00
23/09/2016,674.09,VNIndex,670.73,674.09,670.30,99084600.00
22/09/2016,671.38,VNIndex,671.41,675.36,671.14,112592880.0
21/09/2016,668.48,VNIndex,663.12,668.83,662.79,134925820.0
20/09/2016,663.37,VNIndex,656.20,663.37,653.28,100490650.0
19/09/2016,657.89,VNIndex,656.68,658.35,653.97,104348350.0
16/09/2016,651.31,VNIndex,654.68,657.53,651.31,184317130.0
15/09/2016,656.18,VNIndex,657.46,660.32,654.84,105142830.0
14/09/2016,656.64,VNIndex,658.16,661.82,656.64,92963280.00
13/09/2016,659.72,VNIndex,658.61,661.74,654.95,81226280.00
12/09/2016,659.76,VNIndex,665.77,666.04,655.55,88572250.00
09/09/2016,666.88,VNIndex,669.24,672.39,666.88,95460760.00
08/09/2016,666.07,VNIndex,661.89,668.20,660.54,112627640.0
07/09/2016,661.28,VNIndex,663.05,663.68,656.22,88002530.00
06/09/2016,663.90,VNIndex,666.38,668.40,663.90,87906500.00
05/09/2016,664.55,VNIndex,669.30,670.08,660.31,103194860.0
01/09/2016,669.19,VNIndex,674.19,674.72,664.77,93925040.00
31/08/2016,674.63,VNIndex,673.10,676.26,671.39,93688890.00
30/08/2016,672.67,VNIndex,667.96,672.67,666.33,87433660.00
29/08/2016,669.44,VNIndex,670.71,679.62,669.44,108619910.0
26/08/2016,667.75,VNIndex,662.90,668.84,662.90,109776940.0
25/08/2016,658.50,VNIndex,659.57,660.48,656.49,106728730.0
24/08/2016,660.77,VNIndex,660.95,665.43,659.70,98316870.00
23/08/2016,659.16,VNIndex,653.58,659.16,652.88,90297080.00
22/08/2016,657.68,VNIndex,662.87,664.95,657.68,109773170.0
19/08/2016,662.28,VNIndex,664.09,666.93,659.64,101626960.0
18/08/2016,660.65,VNIndex,663.56,665.94,656.35,120258331.0
17/08/2016,660.51,VNIndex,659.46,660.76,657.06,113226423.0
16/08/2016,658.11,VNIndex,659.97,662.13,656.83,128959352.0
15/08/2016,659.47,VNIndex,654.06,659.47,653.64,110981897.0
12/08/2016,655.71,VNIndex,665.14,668.52,652.67,118055991.0
11/08/2016,660.24,VNIndex,649.27,660.24,648.31,134799320.0
10/08/2016,648.33,VNIndex,637.21,648.48,637.21,108014754.0
09/08/2016,637.34,VNIndex,629.66,637.34,629.66,87214932.00
08/08/2016,629.46,VNIndex,627.23,629.91,622.14,84168482.00
05/08/2016,627.39,VNIndex,629.69,630.18,622.49,118568804.0
04/08/2016,631.94,VNIndex,633.74,641.02,631.94,103979820.0
03/08/2016,631.61,VNIndex,632.98,634.75,627.66,87970735.00
02/08/2016,636.05,VNIndex,643.20,643.20,633.33,136642379.0
01/08/2016,648.38,VNIndex,655.38,655.38,646.02,90680858.00
29/07/2016,652.23,VNIndex,654.19,657.88,650.98,112662841.0
28/07/2016,657.14,VNIndex,655.81,657.20,649.86,115885268.0
27/07/2016,656.11,VNIndex,647.98,656.11,647.74,111894012.0
26/07/2016,648.59,VNIndex,648.58,651.93,642.91,97366678.00
25/07/2016,649.30,VNIndex,651.33,654.17,646.04,86767814.00
22/07/2016,649.87,VNIndex,657.15,658.06,640.26,140232656.0
21/07/2016,659.57,VNIndex,662.72,665.90,656.03,104780518.0
20/07/2016,660.26,VNIndex,667.86,667.86,660.26,124915082.0
19/07/2016,667.76,VNIndex,675.89,677.35,660.09,131231021.0
18/07/2016,673.50,VNIndex,664.12,673.50,662.25,122884393.0
15/07/2016,664.56,VNIndex,668.29,670.18,661.47,123120813.0
14/07/2016,666.69,VNIndex,675.66,681.75,666.69,152095170.0
13/07/2016,675.12,VNIndex,662.04,676.06,662.04,138427015.0
12/07/2016,658.90,VNIndex,652.81,658.90,649.86,149273940.0
11/07/2016,652.26,VNIndex,658.92,664.89,648.77,146650171.0
08/07/2016,658.68,VNIndex,661.07,665.53,655.91,132023634.0
07/07/2016,661.12,VNIndex,652.49,661.12,652.13,132257842.0
06/07/2016,649.46,VNIndex,646.80,652.36,644.07,118012763.0
05/07/2016,650.88,VNIndex,650.47,658.45,647.52,140537343.0
04/07/2016,647.96,VNIndex,643.11,647.96,641.96,124815263.0
01/07/2016,640.30,VNIndex,634.54,643.55,634.28,107014021.0
30/06/2016,632.26,VNIndex,633.17,637.46,631.74,99141059.00
29/06/2016,630.12,VNIndex,623.56,631.25,623.56,116406307.0
28/06/2016,622.20,VNIndex,617.68,624.85,617.65,76943426.00
27/06/2016,621.27,VNIndex,616.19,621.27,608.26,103380650.0
24/06/2016,620.77,VNIndex,631.77,631.77,597.68,262253875.0
23/06/2016,632.27,VNIndex,626.47,632.60,626.47,106076980.0
22/06/2016,626.41,VNIndex,628.77,629.95,625.81,93773827.00
21/06/2016,628.00,VNIndex,629.03,631.96,628.00,108730852.0
20/06/2016,626.46,VNIndex,622.04,626.46,620.41,94791433.00
17/06/2016,619.25,VNIndex,622.92,624.59,618.16,143709445.0
16/06/2016,625.11,VNIndex,627.38,630.21,625.11,117367681.0
15/06/2016,627.02,VNIndex,624.63,628.75,621.76,103700197.0
14/06/2016,625.43,VNIndex,621.63,626.40,619.13,92352130.00
13/06/2016,623.58,VNIndex,626.26,627.36,621.40,116168958.0
10/06/2016,629.84,VNIndex,629.95,633.47,628.56,128988300.0
09/06/2016,631.26,VNIndex,628.40,631.26,626.27,116495566.0
08/06/2016,627.87,VNIndex,626.84,632.68,626.29,131269681.0
07/06/2016,624.65,VNIndex,622.40,624.69,620.05,112406875.0
06/06/2016,620.05,VNIndex,621.09,624.55,616.98,118212916.0
03/06/2016,621.88,VNIndex,623.21,625.19,621.62,118784194.0
02/06/2016,623.37,VNIndex,619.19,624.52,618.38,122338412.0
01/06/2016,619.86,VNIndex,618.18,620.24,616.33,100332285.0
31/05/2016,618.44,VNIndex,616.22,621.14,614.68,108003530.0
30/05/2016,614.50,VNIndex,609.98,615.52,608.46,101738548.0
27/05/2016,608.11,VNIndex,604.36,609.94,603.23,90097747.00
26/05/2016,604.34,VNIndex,611.88,613.37,604.34,94754384.00
25/05/2016,611.89,VNIndex,613.96,616.38,611.89,95133413.00
24/05/2016,611.62,VNIndex,612.23,613.14,608.15,96119341.00
23/05/2016,611.03,VNIndex,616.11,616.83,610.45,76142501.00
20/05/2016,614.81,VNIndex,620.72,622.48,614.41,90013631.00
19/05/2016,619.20,VNIndex,621.83,623.68,618.13,114214476.0
18/05/2016,622.45,VNIndex,625.53,627.81,621.79,114439208.0
17/05/2016,624.75,VNIndex,620.54,626.12,618.67,116465419.0
16/05/2016,615.78,VNIndex,610.13,616.17,608.49,90419955.00
13/05/2016,610.82,VNIndex,612.32,615.30,608.04,105780890.0
12/05/2016,612.12,VNIndex,615.55,617.56,612.12,86619427.00
11/05/2016,614.06,VNIndex,606.60,614.06,606.06,104974405.0
10/05/2016,605.05,VNIndex,600.35,605.46,597.74,108267105.0
09/05/2016,603.85,VNIndex,610.92,612.97,603.85,105436982.0
06/05/2016,606.52,VNIndex,602.40,608.94,602.17,113430945.0
05/05/2016,601.51,VNIndex,600.66,605.21,600.50,122423573.0
04/05/2016,599.07,VNIndex,595.95,603.08,592.43,132211119.0
29/04/2016,598.37,VNIndex,591.20,599.71,591.20,112216334.0
28/04/2016,591.67,VNIndex,594.98,597.28,589.97,95219216.00
27/04/2016,593.96,VNIndex,601.79,601.79,591.35,142651808.0
26/04/2016,598.48,VNIndex,590.99,598.48,590.19,133638550.0
25/04/2016,591.58,VNIndex,597.91,601.61,591.58,133758879.0
22/04/2016,592.48,VNIndex,574.57,592.48,574.57,130917340.0
21/04/2016,575.73,VNIndex,571.19,577.41,570.71,100009660.0
20/04/2016,568.03,VNIndex,569.80,571.71,565.30,108722460.0
19/04/2016,568.28,VNIndex,578.32,578.44,568.28,125545070.0
15/04/2016,579.86,VNIndex,581.54,586.36,579.86,115912350.0
14/04/2016,579.49,VNIndex,575.69,584.81,575.69,116847586.0
13/04/2016,578.02,VNIndex,580.77,582.81,575.65,132134250.0
12/04/2016,579.84,VNIndex,580.90,582.97,577.17,139448520.0
11/04/2016,579.27,VNIndex,575.11,581.88,575.01,131176560.0
08/04/2016,572.34,VNIndex,571.21,574.46,569.09,111615395.0
07/04/2016,571.60,VNIndex,570.72,572.56,567.01,118046801.0
06/04/2016,567.79,VNIndex,561.94,567.79,560.63,99659299.00
05/04/2016,560.32,VNIndex,555.98,560.32,555.15,112176387.0
04/04/2016,555.82,VNIndex,557.56,560.92,554.30,108880000.0
01/04/2016,558.43,VNIndex,560.64,562.73,557.96,116548357.0
31/03/2016,561.22,VNIndex,569.04,570.94,561.22,145634812.0
30/03/2016,569.91,VNIndex,566.08,571.89,565.55,122484050.0
29/03/2016,568.28,VNIndex,575.63,576.07,568.28,132889375.0
28/03/2016,575.72,VNIndex,573.69,576.00,571.58,111063688.0
25/03/2016,572.08,VNIndex,569.48,572.48,564.88,132180850.0
24/03/2016,570.66,VNIndex,573.93,577.21,570.66,140101488.0
23/03/2016,574.71,VNIndex,570.74,575.22,570.39,131018465.0
22/03/2016,570.91,VNIndex,572.70,573.80,567.80,122946861.0
21/03/2016,572.27,VNIndex,577.65,580.83,572.27,143821208.0
18/03/2016,575.82,VNIndex,579.95,580.81,575.44,174635724.0
17/03/2016,579.26,VNIndex,581.55,583.53,579.26,139106276.0
16/03/2016,577.07,VNIndex,573.88,577.96,573.37,138846792.0
15/03/2016,574.04,VNIndex,576.78,578.96,572.59,138751705.0
14/03/2016,577.98,VNIndex,579.61,579.84,576.26,122345037.0
11/03/2016,577.26,VNIndex,576.12,580.93,574.81,134283066.0
10/03/2016,575.91,VNIndex,574.07,575.91,571.52,118002950.0
09/03/2016,571.71,VNIndex,573.47,576.32,571.48,119004380.0
08/03/2016,574.71,VNIndex,576.75,579.87,574.53,141993300.0
07/03/2016,576.20,VNIndex,575.76,580.95,575.39,154716730.0
04/03/2016,573.65,VNIndex,570.18,576.02,568.83,131117770.0
03/03/2016,570.39,VNIndex,573.06,573.88,569.39,121849037.0
02/03/2016,570.18,VNIndex,564.85,570.18,562.97,140315155.0
01/03/2016,561.56,VNIndex,560.03,565.65,560.03,115489083.0
29/02/2016,559.37,VNIndex,565.61,566.31,559.37,116967700.0
26/02/2016,566.11,VNIndex,565.61,566.80,562.39,96301554.00
25/02/2016,562.82,VNIndex,571.15,573.63,562.82,128771160.0
24/02/2016,568.04,VNIndex,559.48,569.70,557.77,150465740.0
23/02/2016,561.28,VNIndex,564.75,567.58,561.09,151184460.0
22/02/2016,560.71,VNIndex,555.31,561.44,555.31,146388210.0
19/02/2016,554.03,VNIndex,552.37,555.16,551.38,176932600.0
18/02/2016,552.49,VNIndex,550.51,555.05,549.16,105400240.0
17/02/2016,547.05,VNIndex,551.38,552.38,547.05,109491034.0
16/02/2016,548.05,VNIndex,545.72,548.89,545.72,101629189.0
15/02/2016,543.79,VNIndex,540.13,544.59,537.81,63721640.00
05/02/2016,544.75,VNIndex,540.64,545.54,540.64,58925530.00
04/02/2016,542.15,VNIndex,542.91,545.17,541.66,59056207.00
03/02/2016,539.07,VNIndex,531.11,539.07,530.23,72559691.00
02/02/2016,536.45,VNIndex,537.71,542.26,535.38,81942662.00
01/02/2016,540.56,VNIndex,545.27,548.58,540.56,91931279.00
29/01/2016,545.25,VNIndex,539.96,545.71,537.51,98872561.00
28/01/2016,539.47,VNIndex,542.01,544.73,538.59,108083507.0
27/01/2016,542.69,VNIndex,541.18,543.88,540.03,113949550.0
26/01/2016,537.73,VNIndex,534.06,542.98,531.27,129502062.0
25/01/2016,542.35,VNIndex,530.58,542.36,530.01,141749435.0
22/01/2016,522.24,VNIndex,525.35,525.83,513.82,159197830.0
21/01/2016,521.88,VNIndex,526.37,531.21,520.74,139672450.0
20/01/2016,529.44,VNIndex,532.81,536.57,529.42,110094630.0
19/01/2016,535.77,VNIndex,525.65,535.77,525.65,113147920.0
18/01/2016,526.37,VNIndex,532.54,532.54,518.16,156432200.0
15/01/2016,543.04,VNIndex,554.35,556.55,543.04,119275995.0
14/01/2016,553.03,VNIndex,555.88,556.62,550.60,128698360.0
13/01/2016,560.37,VNIndex,565.21,566.02,560.37,116482120.0
12/01/2016,564.26,VNIndex,557.36,564.26,557.36,101936980.0
11/01/2016,557.87,VNIndex,559.05,563.04,557.51,100564840.0
08/01/2016,560.05,VNIndex,562.62,563.17,556.36,135933045.0
07/01/2016,565.36,VNIndex,570.62,570.94,561.09,140634220.0
06/01/2016,574.57,VNIndex,569.50,574.57,569.50,82535160.00
05/01/2016,569.94,VNIndex,571.66,575.40,569.26,98030762.00
04/01/2016,574.41,VNIndex,579.03,579.97,573.15,96341237.00
31/12/2015,579.03,VNIndex,579.12,580.82,575.73,103168670.0
30/12/2015,579.45,VNIndex,576.50,579.45,575.71,83690118.00
29/12/2015,576.29,VNIndex,569.40,576.29,566.49,94301180.00
28/12/2015,569.90,VNIndex,570.57,572.92,569.40,101112130.0
25/12/2015,567.67,VNIndex,566.60,570.49,566.60,79540410.00
24/12/2015,566.17,VNIndex,566.65,567.80,565.62,65006001.00
23/12/2015,564.27,VNIndex,564.93,568.16,562.30,73543732.00
22/12/2015,566.35,VNIndex,567.88,570.86,565.48,74472860.00
21/12/2015,566.90,VNIndex,570.45,571.28,565.35,97395384.00
18/12/2015,568.18,VNIndex,574.66,578.00,568.18,179088555.0
17/12/2015,577.11,VNIndex,572.55,579.18,572.55,80835755.00
16/12/2015,572.55,VNIndex,570.36,575.54,570.36,97459373.00
15/12/2015,568.00,VNIndex,563.30,568.74,563.30,99056490.00
14/12/2015,562.22,VNIndex,564.14,566.28,560.99,92279450.00
11/12/2015,563.43,VNIndex,560.99,567.13,559.73,79101207.00
10/12/2015,561.04,VNIndex,564.86,567.62,561.04,94021540.00
09/12/2015,565.20,VNIndex,575.08,576.63,565.20,88484680.00
08/12/2015,574.15,VNIndex,561.00,574.15,556.92,97229023.00
07/12/2015,563.62,VNIndex,570.12,571.20,563.41,70909345.00
04/12/2015,571.62,VNIndex,574.00,574.69,567.95,83588450.00
03/12/2015,574.38,VNIndex,574.04,576.84,573.20,72386103.00
02/12/2015,574.42,VNIndex,571.01,577.03,571.01,95104270.00
01/12/2015,570.41,VNIndex,573.39,577.58,570.41,105263172.0
30/11/2015,573.20,VNIndex,581.39,581.65,571.12,112002660.0
27/11/2015,582.86,VNIndex,589.09,591.84,582.86,134000000.0
26/11/2015,590.40,VNIndex,593.12,594.67,590.39,143903290.0
25/11/2015,595.70,VNIndex,593.24,596.92,588.10,141154312.0
24/11/2015,593.83,VNIndex,599.81,599.94,590.41,150944920.0
23/11/2015,599.99,VNIndex,605.89,607.69,599.99,147238690.0
20/11/2015,604.46,VNIndex,602.11,606.58,601.90,130406770.0
19/11/2015,601.90,VNIndex,604.38,605.56,600.84,111455220.0
18/11/2015,603.34,VNIndex,603.32,606.62,602.13,110929890.0
17/11/2015,605.05,VNIndex,609.46,611.18,605.05,162861800.0
16/11/2015,609.21,VNIndex,609.77,611.92,605.39,123107214.0
13/11/2015,611.27,VNIndex,604.41,611.27,603.72,145889290.0
12/11/2015,605.58,VNIndex,602.02,605.58,595.86,137950372.0
11/11/2015,603.53,VNIndex,604.13,609.24,603.34,90794567.00
10/11/2015,605.27,VNIndex,609.30,610.60,605.08,110272897.0
09/11/2015,610.66,VNIndex,612.29,613.79,610.35,112051656.0
06/11/2015,612.36,VNIndex,615.54,617.79,608.89,106118959.0
05/11/2015,615.18,VNIndex,609.49,616.46,608.53,91052676.00
04/11/2015,610.60,VNIndex,614.29,617.93,610.60,97602621.00
03/11/2015,611.71,VNIndex,605.32,611.71,600.46,105509566.0
02/11/2015,602.76,VNIndex,607.93,610.17,601.99,112437389.0
30/10/2015,607.37,VNIndex,605.49,608.01,603.93,85036316.00
29/10/2015,605.20,VNIndex,599.32,605.20,598.80,99109489.00
28/10/2015,596.24,VNIndex,599.09,601.09,596.24,107072382.0
27/10/2015,598.44,VNIndex,597.80,600.51,595.62,89116049.00
26/10/2015,598.61,VNIndex,604.41,606.79,598.61,92911590.00
23/10/2015,601.74,VNIndex,598.55,602.55,598.25,96355905.00
22/10/2015,595.08,VNIndex,590.24,595.81,589.74,88774942.00
21/10/2015,590.24,VNIndex,590.43,594.50,589.84,92068554.00
20/10/2015,590.45,VNIndex,594.97,596.37,588.26,118447575.0
19/10/2015,594.61,VNIndex,593.87,598.11,591.60,98764222.00
16/10/2015,593.02,VNIndex,592.40,599.74,592.40,127481214.0
15/10/2015,592.40,VNIndex,591.36,594.17,588.98,105173017.0
14/10/2015,589.98,VNIndex,592.45,593.73,589.62,103133442.0
13/10/2015,590.84,VNIndex,589.09,591.66,588.54,101968843.0
12/10/2015,592.10,VNIndex,587.72,594.74,587.25,115454162.0
09/10/2015,588.02,VNIndex,590.91,593.02,587.57,149409089.0
08/10/2015,586.78,VNIndex,580.04,588.35,579.82,143566398.0
07/10/2015,579.57,VNIndex,583.97,587.30,579.57,132704818.0
06/10/2015,581.29,VNIndex,577.45,581.38,574.63,151956949.0
05/10/2015,570.00,VNIndex,564.58,570.00,563.95,90574640.00
02/10/2015,562.31,VNIndex,563.33,565.01,561.73,68355987.00
01/10/2015,563.54,VNIndex,563.39,565.63,563.23,59824628.00
30/09/2015,562.64,VNIndex,562.50,565.65,562.50,66065626.00
29/09/2015,561.19,VNIndex,559.83,561.76,557.65,82413750.00
28/09/2015,564.88,VNIndex,571.29,572.15,564.88,75447980.00
25/09/2015,570.38,VNIndex,570.41,572.09,567.71,64223028.00
24/09/2015,570.25,VNIndex,573.50,575.36,570.12,97457070.00
23/09/2015,572.72,VNIndex,570.64,573.85,569.51,83877600.00
22/09/2015,573.20,VNIndex,573.09,575.17,570.26,93496159.00
21/09/2015,572.12,VNIndex,566.74,572.26,565.16,85938051.00
18/09/2015,566.25,VNIndex,564.69,569.50,564.69,146392000.0
17/09/2015,562.48,VNIndex,563.93,565.85,562.48,69310470.00
16/09/2015,564.13,VNIndex,561.86,564.82,561.69,62235037.00
15/09/2015,563.27,VNIndex,564.38,565.05,561.10,76130030.00
14/09/2015,562.17,VNIndex,569.21,572.25,561.46,73159920.00
11/09/2015,566.74,VNIndex,572.14,573.99,566.18,83304010.00
10/09/2015,572.07,VNIndex,567.51,576.13,567.09,68366470.00
09/09/2015,572.34,VNIndex,574.06,574.73,569.69,83370390.00
08/09/2015,566.72,VNIndex,554.48,566.72,554.34,93964710.00
07/09/2015,554.93,VNIndex,557.07,560.09,554.44,62231590.00
04/09/2015,556.81,VNIndex,554.85,558.90,554.77,65396630.00
03/09/2015,554.30,VNIndex,559.32,561.43,551.47,88639140.00
01/09/2015,562.31,VNIndex,565.75,569.18,561.28,85154580.00
31/08/2015,564.75,VNIndex,573.10,573.10,563.99,103156060.0
28/08/2015,570.87,VNIndex,561.36,570.87,559.35,151294750.0
27/08/2015,555.81,VNIndex,551.89,558.93,551.44,115022570.0
26/08/2015,545.89,VNIndex,530.05,545.89,530.05,120486820.0
25/08/2015,529.98,VNIndex,511.13,535.48,511.13,167518810.0
24/08/2015,526.93,VNIndex,550.48,550.48,523.55,166417080.0
21/08/2015,556.30,VNIndex,559.34,559.97,542.31,181604060.0
20/08/2015,566.69,VNIndex,577.82,577.82,565.09,106922940.0
19/08/2015,577.82,VNIndex,576.44,580.99,569.21,98952270.00
18/08/2015,580.22,VNIndex,571.31,580.22,571.22,86433690.00
17/08/2015,573.15,VNIndex,588.67,591.20,571.26,104003690.0
14/08/2015,589.03,VNIndex,592.80,598.55,585.97,85702280.00
13/08/2015,594.26,VNIndex,603.31,603.31,590.44,119331520.0
12/08/2015,604.24,VNIndex,609.33,611.46,602.01,108828230.0
11/08/2015,613.05,VNIndex,615.17,619.69,611.17,102419460.0
10/08/2015,614.53,VNIndex,603.82,614.53,603.82,84997900.00
07/08/2015,603.76,VNIndex,601.57,604.04,597.75,75215360.00
06/08/2015,601.04,VNIndex,607.84,609.31,600.85,108566000.0
05/08/2015,607.08,VNIndex,600.68,608.21,600.68,92678090.00
04/08/2015,600.76,VNIndex,607.95,609.91,600.76,78122270.00
03/08/2015,609.47,VNIndex,617.12,617.12,605.63,120074910.0
31/07/2015,621.06,VNIndex,628.31,629.97,621.06,101422300.0
30/07/2015,626.57,VNIndex,625.46,627.11,622.43,96753150.00
29/07/2015,624.70,VNIndex,632.00,634.64,624.70,111883170.0
28/07/2015,631.47,VNIndex,636.58,639.54,631.47,149155540.0
27/07/2015,635.46,VNIndex,629.68,636.84,629.42,116704360.0
24/07/2015,631.26,VNIndex,633.27,634.61,627.99,109015570.0
23/07/2015,632.01,VNIndex,632.07,637.91,631.43,117644960.0
22/07/2015,629.85,VNIndex,614.56,629.94,613.58,109080570.0
21/07/2015,616.61,VNIndex,619.90,624.47,613.83,95668320.00
20/07/2015,620.54,VNIndex,624.84,624.84,616.11,106200850.0
17/07/2015,628.63,VNIndex,628.45,631.67,626.21,97179130.00
16/07/2015,626.90,VNIndex,627.32,632.21,622.57,113628750.0
15/07/2015,630.89,VNIndex,640.43,641.06,630.89,136744360.0
14/07/2015,638.69,VNIndex,635.55,640.43,628.43,148321440.0
13/07/2015,634.10,VNIndex,631.60,637.10,627.70,130289110.0
10/07/2015,627.28,VNIndex,627.56,630.79,624.70,149796670.0
09/07/2015,622.10,VNIndex,616.20,626.38,613.34,128611000.0
08/07/2015,623.17,VNIndex,630.40,634.13,617.29,180512890.0
07/07/2015,630.27,VNIndex,623.89,633.73,620.59,167953860.0
06/07/2015,625.22,VNIndex,618.75,625.34,618.65,162505730.0
03/07/2015,616.43,VNIndex,608.82,617.96,608.82,154568920.0
02/07/2015,605.70,VNIndex,591.50,605.70,590.52,118695710.0
01/07/2015,591.50,VNIndex,594.52,594.52,587.33,114932070.0
30/06/2015,593.05,VNIndex,588.77,598.98,588.77,137264740.0
29/06/2015,591.75,VNIndex,580.16,591.75,579.61,104599850.0
26/06/2015,581.75,VNIndex,586.04,592.59,581.75,138270500.0
25/06/2015,587.99,VNIndex,589.29,590.37,585.34,106046100.0
24/06/2015,590.02,VNIndex,592.19,594.01,589.02,112994500.0
23/06/2015,593.07,VNIndex,592.44,595.11,590.76,99831620.00
22/06/2015,594.08,VNIndex,588.33,594.08,588.01,145223130.0
19/06/2015,584.70,VNIndex,584.08,588.48,582.47,184477640.0
18/06/2015,580.35,VNIndex,578.73,583.02,578.47,90021550.00
17/06/2015,578.87,VNIndex,578.53,584.04,575.88,119302310.0
16/06/2015,580.35,VNIndex,587.76,589.33,580.35,152124380.0
15/06/2015,586.48,VNIndex,583.51,586.67,581.35,147047610.0
12/06/2015,582.73,VNIndex,582.54,585.01,578.80,154956240.0
11/06/2015,581.05,VNIndex,577.32,582.68,575.25,158674570.0
10/06/2015,574.10,VNIndex,576.06,576.62,569.59,123793810.0
09/06/2015,574.47,VNIndex,578.68,582.13,573.73,146632640.0
08/06/2015,579.83,VNIndex,581.20,585.51,579.52,182809700.0
05/06/2015,578.07,VNIndex,568.63,579.01,568.37,141129610.0
04/06/2015,568.99,VNIndex,568.01,573.50,567.90,103665870.0
03/06/2015,567.90,VNIndex,570.55,573.91,567.81,120677080.0
02/06/2015,570.31,VNIndex,575.70,581.24,570.31,120805280.0
01/06/2015,574.98,VNIndex,571.15,579.58,570.14,112680510.0
29/05/2015,569.56,VNIndex,572.73,577.03,568.70,129559300.0
28/05/2015,572.97,VNIndex,566.13,576.92,564.73,145617460.0
27/05/2015,566.48,VNIndex,564.64,569.63,563.28,111368810.0
26/05/2015,567.20,VNIndex,563.31,570.29,562.58,133053010.0
25/05/2015,563.00,VNIndex,560.80,563.84,558.50,106078240.0
22/05/2015,561.82,VNIndex,553.41,561.82,550.81,112920050.0
21/05/2015,552.56,VNIndex,550.99,554.00,547.95,103116440.0
20/05/2015,550.10,VNIndex,536.35,550.33,536.07,123637010.0
19/05/2015,536.82,VNIndex,530.00,537.19,530.00,83713920.00
18/05/2015,528.95,VNIndex,535.82,536.71,528.90,101572460.0
15/05/2015,537.44,VNIndex,543.61,545.48,537.44,72939360.00
14/05/2015,543.69,VNIndex,542.53,545.00,540.72,64983330.00
13/05/2015,542.82,VNIndex,545.50,546.99,538.76,76185760.00
12/05/2015,544.41,VNIndex,551.98,552.56,542.70,72362280.00
11/05/2015,551.67,VNIndex,554.50,556.20,550.57,88473680.00
08/05/2015,554.51,VNIndex,551.57,556.39,550.93,70875790.00
07/05/2015,552.98,VNIndex,548.51,554.22,547.53,65236660.00
06/05/2015,549.30,VNIndex,553.30,555.51,548.17,80300720.00
05/05/2015,552.65,VNIndex,544.80,552.65,539.04,100089470.0
04/05/2015,545.08,VNIndex,560.62,563.36,545.08,111153790.0
27/04/2015,562.40,VNIndex,567.77,568.47,562.40,53676760.00
24/04/2015,565.77,VNIndex,563.17,567.36,561.56,54121630.00
23/04/2015,561.25,VNIndex,562.85,564.45,557.57,71598650.00
22/04/2015,562.51,VNIndex,562.58,565.04,561.53,89314350.00
21/04/2015,562.24,VNIndex,563.78,567.52,562.24,82497060.00
20/04/2015,565.04,VNIndex,568.52,568.83,562.66,65083490.00
17/04/2015,568.32,VNIndex,568.28,572.76,568.28,103374650.0
16/04/2015,568.28,VNIndex,564.50,570.68,564.50,96584510.00
15/04/2015,564.50,VNIndex,558.94,565.39,558.94,75972590.00
14/04/2015,558.67,VNIndex,559.81,562.95,558.49,64342770.00
13/04/2015,559.54,VNIndex,556.35,559.68,555.97,69597200.00
10/04/2015,554.03,VNIndex,550.96,557.65,550.96,94475400.00
09/04/2015,550.52,VNIndex,547.26,552.53,546.76,83461270.00
08/04/2015,547.72,VNIndex,549.69,551.23,546.29,70218920.00
07/04/2015,548.11,VNIndex,542.71,548.37,540.79,89727690.00
06/04/2015,542.97,VNIndex,548.11,549.28,542.97,54716270.00
03/04/2015,547.85,VNIndex,548.69,550.30,544.22,69546330.00
02/04/2015,546.85,VNIndex,540.54,546.85,536.87,86076890.00
01/04/2015,538.91,VNIndex,550.80,551.69,537.30,109335350.0
31/03/2015,551.13,VNIndex,544.87,552.72,544.87,80466510.00
30/03/2015,545.19,VNIndex,551.75,554.26,545.07,85631540.00
27/03/2015,551.42,VNIndex,558.93,561.13,549.65,83668500.00
26/03/2015,556.16,VNIndex,556.12,559.68,553.19,78108960.00
25/03/2015,560.93,VNIndex,567.62,568.40,559.87,83089270.00
24/03/2015,567.43,VNIndex,569.33,569.91,562.07,86397700.00
23/03/2015,570.89,VNIndex,576.64,579.39,570.44,94583430.00
20/03/2015,575.44,VNIndex,572.57,577.56,571.92,145321980.0
19/03/2015,573.74,VNIndex,579.39,580.32,573.52,81752950.00
18/03/2015,578.68,VNIndex,580.81,581.53,577.26,86795050.00
17/03/2015,581.76,VNIndex,580.60,583.59,580.60,88737460.00
16/03/2015,580.80,VNIndex,583.26,586.19,580.55,98790020.00
13/03/2015,586.10,VNIndex,589.04,591.75,586.10,88834970.00
12/03/2015,588.53,VNIndex,585.89,589.67,585.48,79994860.00
11/03/2015,586.54,VNIndex,589.04,590.56,586.49,79076070.00
10/03/2015,589.66,VNIndex,586.38,591.17,586.38,93334410.00
09/03/2015,588.44,VNIndex,594.08,596.32,587.27,90927440.00
06/03/2015,593.97,VNIndex,596.42,598.33,592.71,96217780.00
05/03/2015,596.91,VNIndex,601.08,602.40,596.75,121956230.0
04/03/2015,600.39,VNIndex,598.49,600.69,595.34,115632610.0
03/03/2015,596.72,VNIndex,590.42,597.45,590.42,108805820.0
02/03/2015,590.73,VNIndex,591.75,593.72,588.59,76507740.00
27/02/2015,592.57,VNIndex,598.00,598.40,590.58,76140470.00
26/02/2015,596.72,VNIndex,593.95,597.07,591.78,84963550.00
25/02/2015,592.66,VNIndex,596.90,601.55,592.66,96802090.00
24/02/2015,596.95,VNIndex,590.18,596.95,589.74,61107780.00
13/02/2015,587.24,VNIndex,586.26,589.02,585.60,72295080.00
12/02/2015,584.67,VNIndex,582.52,584.99,581.86,79108960.00
11/02/2015,581.76,VNIndex,574.88,581.76,574.88,70560970.00
10/02/2015,574.52,VNIndex,575.74,578.42,574.24,61234350.00
09/02/2015,573.55,VNIndex,574.06,577.04,572.79,62712850.00
06/02/2015,574.13,VNIndex,569.03,574.36,569.03,58140870.00
05/02/2015,567.17,VNIndex,562.17,568.22,562.05,69467520.00
04/02/2015,561.45,VNIndex,556.93,561.69,553.21,90940000.00
03/02/2015,557.47,VNIndex,572.56,574.83,557.47,93996200.00
02/02/2015,570.37,VNIndex,576.07,579.73,570.37,66840420.00
30/01/2015,576.07,VNIndex,584.08,584.08,574.46,97717870.00
29/01/2015,583.28,VNIndex,584.18,585.66,580.37,93424200.00
28/01/2015,583.76,VNIndex,579.56,584.35,578.59,107451330.0
27/01/2015,579.30,VNIndex,580.45,584.28,575.50,138720400.0
26/01/2015,580.64,VNIndex,584.89,586.76,580.64,92614650.00
23/01/2015,582.38,VNIndex,578.22,583.57,577.57,116961120.0
22/01/2015,574.54,VNIndex,569.74,576.48,567.82,77924420.00
21/01/2015,569.12,VNIndex,573.54,574.41,569.12,75650990.00
20/01/2015,572.22,VNIndex,570.78,574.96,570.14,72955320.00
19/01/2015,571.51,VNIndex,576.50,579.06,570.10,85869950.00
16/01/2015,574.81,VNIndex,576.88,578.51,574.08,103715770.0
15/01/2015,577.74,VNIndex,577.01,581.24,575.36,111809300.0
14/01/2015,577.01,VNIndex,579.77,582.21,571.67,105588770.0
13/01/2015,580.60,VNIndex,573.26,580.65,573.26,93250940.00
12/01/2015,574.32,VNIndex,575.86,579.73,574.07,123328210.0
09/01/2015,569.73,VNIndex,555.53,570.52,555.53,104203680.0
08/01/2015,553.47,VNIndex,553.49,556.80,552.15,73883040.00
07/01/2015,552.05,VNIndex,548.44,555.83,548.44,109445780.0
06/01/2015,549.66,VNIndex,539.08,550.11,538.82,94081890.00
05/01/2015,544.45,VNIndex,545.43,549.22,543.78,91834620.00
31/12/2014,545.63,VNIndex,538.68,546.62,537.91,106297220.0
30/12/2014,537.57,VNIndex,531.07,537.57,526.61,80298630.00
29/12/2014,532.68,VNIndex,533.37,538.83,528.63,94978280.00
26/12/2014,533.37,VNIndex,531.84,537.89,527.41,85103360.00
25/12/2014,532.01,VNIndex,536.21,537.47,531.52,67648520.00
24/12/2014,539.44,VNIndex,540.46,541.73,536.79,57168000.00
23/12/2014,537.88,VNIndex,535.61,543.22,532.78,76021280.00
22/12/2014,537.54,VNIndex,527.28,537.54,527.28,70396910.00
19/12/2014,523.09,VNIndex,527.61,533.30,522.10,171218450.0
18/12/2014,528.45,VNIndex,522.90,528.60,521.43,94737920.00
17/12/2014,518.22,VNIndex,535.27,536.64,513.06,165055720.0
16/12/2014,535.14,VNIndex,545.33,545.66,535.00,114699800.0
15/12/2014,547.93,VNIndex,550.80,554.35,547.93,78341880.00
12/12/2014,553.93,VNIndex,547.69,554.82,547.69,73938730.00
11/12/2014,550.11,VNIndex,549.78,557.96,547.55,87052690.00
10/12/2014,557.19,VNIndex,550.35,558.47,544.78,113615650.0
09/12/2014,555.31,VNIndex,567.55,567.55,554.51,169970680.0
08/12/2014,571.68,VNIndex,577.44,577.44,569.24,107840990.0
05/12/2014,578.76,VNIndex,578.52,582.42,578.18,95316490.00
04/12/2014,578.38,VNIndex,576.63,581.27,576.63,106104080.0
03/12/2014,574.88,VNIndex,570.48,575.95,570.44,111414110.0
02/12/2014,569.43,VNIndex,570.44,570.79,568.55,95251130.00
01/12/2014,568.01,VNIndex,566.22,571.69,565.09,108033330.0
28/11/2014,566.58,VNIndex,570.61,572.12,565.10,135324519.0
27/11/2014,572.89,VNIndex,575.63,575.82,567.36,107309540.0
26/11/2014,576.04,VNIndex,587.58,588.16,575.09,154451780.0
25/11/2014,585.91,VNIndex,583.53,588.42,583.53,102742670.0
24/11/2014,582.53,VNIndex,585.08,586.54,580.92,112311310.0
21/11/2014,588.03,VNIndex,594.71,596.02,588.03,157836660.0
20/11/2014,593.32,VNIndex,592.17,594.76,589.84,147023610.0
19/11/2014,588.35,VNIndex,594.88,597.29,588.35,132807230.0
18/11/2014,594.25,VNIndex,600.86,602.53,594.25,128868510.0
17/11/2014,600.93,VNIndex,602.40,604.63,600.93,109011540.0
14/11/2014,600.36,VNIndex,601.69,602.51,596.95,141302230.0
13/11/2014,603.16,VNIndex,605.25,607.29,602.62,139365180.0
12/11/2014,604.01,VNIndex,605.14,606.36,603.12,122678870.0
11/11/2014,604.23,VNIndex,603.48,608.68,601.85,132043890.0
10/11/2014,602.12,VNIndex,604.75,607.50,602.12,126939270.0
07/11/2014,602.59,VNIndex,598.41,603.32,597.73,119568150.0
06/11/2014,597.85,VNIndex,599.20,601.28,596.73,85175150.00
05/11/2014,597.01,VNIndex,599.64,602.53,593.53,129003800.0
04/11/2014,598.39,VNIndex,601.55,604.47,598.39,107482690.0
03/11/2014,603.15,VNIndex,603.44,606.94,602.51,109836450.0
31/10/2014,600.84,VNIndex,591.12,600.84,588.16,128903100.0
30/10/2014,589.14,VNIndex,593.09,594.30,589.14,94528450.00
29/10/2014,591.20,VNIndex,585.68,591.83,585.68,94659670.00
28/10/2014,583.13,VNIndex,578.73,584.43,578.44,109692910.0
27/10/2014,580.80,VNIndex,590.33,591.59,580.02,99712610.00
24/10/2014,591.51,VNIndex,592.66,595.33,588.72,90743200.00
23/10/2014,593.53,VNIndex,598.87,602.02,593.11,143961970.0
22/10/2014,601.59,VNIndex,600.27,603.97,598.99,97192990.00
21/10/2014,600.55,VNIndex,590.17,601.14,588.75,80475800.00
20/10/2014,589.24,VNIndex,588.38,593.20,585.70,75388460.00
17/10/2014,585.28,VNIndex,585.95,591.85,577.79,118004420.0
16/10/2014,587.17,VNIndex,603.11,603.59,585.76,165668630.0
15/10/2014,604.29,VNIndex,603.73,606.40,596.50,117820960.0
14/10/2014,605.79,VNIndex,614.22,616.71,605.79,112901760.0
13/10/2014,614.22,VNIndex,615.77,618.29,608.27,108441800.0
10/10/2014,617.72,VNIndex,623.85,627.49,617.72,143028680.0
09/10/2014,624.34,VNIndex,622.25,626.90,622.25,154923100.0
08/10/2014,617.26,VNIndex,615.04,618.37,611.98,167590180.0
07/10/2014,614.08,VNIndex,614.16,617.01,612.94,178871570.0
06/10/2014,614.42,VNIndex,612.11,616.13,611.77,163203440.0
03/10/2014,611.55,VNIndex,613.38,615.42,610.55,170345580.0
02/10/2014,612.66,VNIndex,612.43,614.80,607.57,165950840.0
01/10/2014,609.27,VNIndex,603.50,611.74,603.44,168682480.0
30/09/2014,598.80,VNIndex,597.11,601.54,594.00,142531380.0
29/09/2014,599.78,VNIndex,605.03,605.03,599.78,111034700.0
26/09/2014,604.98,VNIndex,608.80,610.15,604.98,134351930.0
25/09/2014,605.10,VNIndex,604.31,605.50,594.28,123016770.0
24/09/2014,603.59,VNIndex,609.51,611.61,603.59,112776100.0
23/09/2014,610.39,VNIndex,611.75,615.99,610.39,131792670.0
22/09/2014,611.93,VNIndex,617.71,621.36,611.93,100726220.0
19/09/2014,613.29,VNIndex,615.86,619.80,612.40,203749040.0
18/09/2014,615.80,VNIndex,625.95,627.29,615.80,164153900.0
17/09/2014,625.66,VNIndex,630.48,632.22,625.66,183400380.0
16/09/2014,627.66,VNIndex,628.96,631.59,623.66,176189320.0
15/09/2014,630.34,VNIndex,633.86,636.65,630.34,202778790.0
12/09/2014,632.50,VNIndex,631.31,632.91,627.42,142042140.0
11/09/2014,628.99,VNIndex,629.77,633.60,626.26,123786890.0
10/09/2014,628.80,VNIndex,625.59,630.03,618.54,129722930.0
09/09/2014,626.92,VNIndex,640.50,641.20,622.76,244276650.0
08/09/2014,639.85,VNIndex,641.88,642.72,639.19,163757920.0
05/09/2014,638.65,VNIndex,640.63,641.96,638.55,138632500.0
04/09/2014,640.22,VNIndex,638.60,642.88,636.56,147679700.0
03/09/2014,640.75,VNIndex,640.69,644.56,638.95,188655710.0
29/08/2014,636.65,VNIndex,634.91,640.19,631.11,170612900.0
28/08/2014,632.03,VNIndex,627.41,635.94,626.32,134519830.0
27/08/2014,628.77,VNIndex,630.84,632.25,624.68,152313560.0
26/08/2014,629.06,VNIndex,627.13,631.17,625.10,129151110.0
25/08/2014,625.88,VNIndex,622.71,629.58,622.16,156793900.0
22/08/2014,620.14,VNIndex,614.51,622.97,614.51,151323250.0
21/08/2014,612.94,VNIndex,608.91,616.96,608.58,140343470.0
20/08/2014,606.70,VNIndex,604.30,608.72,602.81,98377830.00
19/08/2014,604.64,VNIndex,607.27,609.04,603.61,125366090.0
18/08/2014,605.08,VNIndex,605.42,607.79,603.33,123678840.0
15/08/2014,604.24,VNIndex,605.25,608.46,603.24,101218780.0
14/08/2014,605.25,VNIndex,605.03,607.84,604.08,109406300.0
13/08/2014,602.76,VNIndex,601.03,604.51,599.64,93087280.00
12/08/2014,601.78,VNIndex,600.52,604.89,598.71,78520730.00
11/08/2014,602.13,VNIndex,602.78,607.16,600.48,74249570.00
08/08/2014,605.43,VNIndex,607.18,610.09,604.08,101520160.0
07/08/2014,607.62,VNIndex,603.94,608.42,603.13,87858760.00
06/08/2014,606.70,VNIndex,607.95,610.88,605.63,87400600.00
05/08/2014,607.73,VNIndex,600.46,607.73,599.10,83711690.00
04/08/2014,599.04,VNIndex,592.04,600.52,592.04,71125720.00
01/08/2014,593.90,VNIndex,594.66,596.80,592.38,59841150.00
31/07/2014,596.07,VNIndex,589.35,596.11,587.68,61274970.00
30/07/2014,589.33,VNIndex,591.15,593.58,588.53,73191400.00
29/07/2014,592.24,VNIndex,590.57,592.24,585.75,60692450.00
28/07/2014,589.45,VNIndex,599.13,599.35,587.78,106264460.0
25/07/2014,600.14,VNIndex,603.54,605.78,600.14,94267850.00
24/07/2014,602.06,VNIndex,597.03,602.49,597.03,84773630.00
23/07/2014,597.50,VNIndex,599.56,599.56,594.10,58825520.00
22/07/2014,597.98,VNIndex,599.30,600.93,594.85,89952820.00
21/07/2014,601.04,VNIndex,598.11,604.64,596.96,109316960.0
18/07/2014,596.26,VNIndex,590.90,596.26,589.33,120565300.0
17/07/2014,590.37,VNIndex,588.99,591.42,586.07,94389680.00
16/07/2014,589.68,VNIndex,594.13,594.29,589.68,134145840.0
15/07/2014,589.31,VNIndex,587.92,590.09,587.68,98238770.00
14/07/2014,586.23,VNIndex,583.55,586.23,581.99,62767230.00
11/07/2014,582.77,VNIndex,584.29,586.57,580.54,76665490.00
10/07/2014,584.88,VNIndex,591.21,591.35,581.49,148042030.0
09/07/2014,591.60,VNIndex,591.82,593.42,590.46,99772410.00
08/07/2014,591.47,VNIndex,591.63,593.40,588.54,83828219.00
07/07/2014,590.69,VNIndex,592.23,594.84,589.61,114945340.0
04/07/2014,589.35,VNIndex,585.66,591.38,585.66,117186000.0
03/07/2014,585.02,VNIndex,581.24,585.02,580.55,127121960.0
02/07/2014,578.80,VNIndex,578.90,581.89,576.88,107018060.0
01/07/2014,578.07,VNIndex,578.93,582.16,577.30,101593980.0
30/06/2014,578.13,VNIndex,578.28,582.26,577.76,63985010.00
27/06/2014,578.82,VNIndex,576.29,580.75,575.10,59803530.00
26/06/2014,576.40,VNIndex,572.23,578.29,570.33,111253090.0
25/06/2014,572.27,VNIndex,570.33,574.62,569.27,88449020.00
24/06/2014,569.74,VNIndex,565.47,570.37,565.12,56799240.00
23/06/2014,565.92,VNIndex,561.97,567.71,561.97,48639680.00
20/06/2014,560.78,VNIndex,568.45,571.76,560.78,116175890.0
19/06/2014,567.35,VNIndex,564.93,569.41,558.65,122009510.0
18/06/2014,570.03,VNIndex,571.74,575.03,570.03,95680950.00
17/06/2014,572.25,VNIndex,571.80,573.15,567.58,103158970.0
16/06/2014,572.37,VNIndex,575.20,575.87,571.76,76547350.00
13/06/2014,574.48,VNIndex,573.58,577.27,573.03,67624300.00
12/06/2014,573.77,VNIndex,571.19,574.75,568.58,90147440.00
11/06/2014,570.36,VNIndex,567.77,573.05,566.51,75171290.00
10/06/2014,566.89,VNIndex,566.31,571.73,564.32,78132940.00
09/06/2014,565.61,VNIndex,559.04,571.83,558.64,107736660.0
06/06/2014,559.04,VNIndex,553.62,559.04,551.80,59778290.00
05/06/2014,551.10,VNIndex,552.20,553.96,548.47,53199850.00
04/06/2014,553.46,VNIndex,559.13,559.19,550.23,67155660.00
03/06/2014,558.76,VNIndex,557.34,560.62,554.96,53795920.00
02/06/2014,556.80,VNIndex,560.29,563.12,554.44,78700670.00
30/05/2014,562.02,VNIndex,558.78,565.05,557.20,81363300.00
29/05/2014,558.45,VNIndex,556.30,562.33,555.32,114247620.0
28/05/2014,557.34,VNIndex,554.32,557.93,553.03,107355240.0
27/05/2014,552.75,VNIndex,543.55,552.75,542.49,121729360.0
26/05/2014,544.06,VNIndex,541.43,544.93,536.27,70850070.00
23/05/2014,541.49,VNIndex,542.44,545.30,540.51,84206790.00
22/05/2014,541.73,VNIndex,543.35,547.20,541.43,122207050.0
21/05/2014,543.88,VNIndex,537.95,543.93,533.19,99864170.00
20/05/2014,537.52,VNIndex,531.00,537.93,527.69,102485880.0
19/05/2014,533.04,VNIndex,530.31,534.68,525.82,94450040.00
16/05/2014,529.49,VNIndex,522.00,529.49,519.39,79135650.00
15/05/2014,524.05,VNIndex,529.39,537.27,512.41,125655190.0
14/05/2014,529.53,VNIndex,510.16,529.59,509.82,106635850.0
13/05/2014,513.91,VNIndex,508.76,518.45,508.51,92140330.00
12/05/2014,517.05,VNIndex,536.82,536.82,512.25,95024400.00
09/05/2014,542.46,VNIndex,522.82,542.56,522.70,115488640.0
08/05/2014,527.09,VNIndex,550.75,550.75,525.37,128293230.0
07/05/2014,559.97,VNIndex,558.04,561.56,553.21,46793760.00
06/05/2014,555.11,VNIndex,561.86,562.36,545.97,98267720.00
05/05/2014,564.85,VNIndex,578.45,580.11,564.47,73606800.00
29/04/2014,578.00,VNIndex,570.64,578.21,570.64,45941890.00
28/04/2014,573.10,VNIndex,579.05,580.70,573.10,55208230.00
25/04/2014,578.92,VNIndex,571.71,580.74,571.71,58226790.00
24/04/2014,570.46,VNIndex,568.38,571.57,566.94,51518060.00
23/04/2014,569.36,VNIndex,569.83,573.39,567.04,63157600.00
22/04/2014,569.87,VNIndex,560.63,569.87,556.47,84120410.00
21/04/2014,558.14,VNIndex,564.21,568.44,558.14,93868870.00
18/04/2014,565.33,VNIndex,580.89,580.89,565.33,106747120.0
17/04/2014,580.31,VNIndex,580.39,583.51,575.83,86527800.00
16/04/2014,574.29,VNIndex,583.64,585.51,567.61,143009880.0
15/04/2014,586.09,VNIndex,596.00,597.99,586.09,126833620.0
14/04/2014,596.11,VNIndex,602.67,602.70,596.05,96128090.00
11/04/2014,600.57,VNIndex,597.87,602.01,594.96,104068010.0
10/04/2014,601.33,VNIndex,603.25,608.89,600.43,110558340.0
08/04/2014,603.25,VNIndex,600.71,603.25,598.52,109210640.0
07/04/2014,600.57,VNIndex,595.72,602.55,595.35,108560420.0
04/04/2014,593.04,VNIndex,589.90,593.72,588.34,92353580.00
03/04/2014,589.44,VNIndex,584.45,590.91,582.83,99127880.00
02/04/2014,581.67,VNIndex,584.17,586.50,574.40,142309840.0
01/04/2014,583.85,VNIndex,590.93,593.03,582.30,167165310.0
31/03/2014,591.57,VNIndex,594.29,597.22,591.57,117084100.0
28/03/2014,594.29,VNIndex,592.82,595.70,590.59,116220650.0
27/03/2014,590.14,VNIndex,588.94,591.70,582.81,146465260.0
26/03/2014,588.06,VNIndex,603.54,603.68,587.52,246459580.0
25/03/2014,601.85,VNIndex,609.01,609.46,601.85,245417840.0
24/03/2014,607.55,VNIndex,606.55,609.20,604.18,189271920.0
21/03/2014,601.75,VNIndex,600.26,607.22,600.26,224867350.0
20/03/2014,600.26,VNIndex,607.39,608.51,600.03,184719960.0
19/03/2014,605.59,VNIndex,600.73,605.91,600.42,188807570.0
18/03/2014,599.85,VNIndex,602.01,603.21,597.78,193120370.0
17/03/2014,600.36,VNIndex,603.05,603.24,598.70,161239500.0
14/03/2014,596.83,VNIndex,596.20,600.68,594.51,160384630.0
13/03/2014,595.22,VNIndex,590.83,595.22,590.36,130339060.0
12/03/2014,590.02,VNIndex,590.94,596.38,590.02,168708960.0
11/03/2014,588.50,VNIndex,585.10,589.45,582.20,158741000.0
10/03/2014,583.69,VNIndex,580.84,584.81,579.98,140462540.0
07/03/2014,579.75,VNIndex,579.40,582.24,579.10,149392490.0
06/03/2014,578.56,VNIndex,576.17,580.04,574.58,131565670.0
05/03/2014,574.94,VNIndex,569.97,577.50,569.97,102976780.0
04/03/2014,569.97,VNIndex,569.34,572.28,563.55,122493930.0
03/03/2014,573.38,VNIndex,586.65,587.11,573.37,141965580.0
28/02/2014,586.48,VNIndex,586.12,591.36,581.63,116336020.0
27/02/2014,584.79,VNIndex,587.82,596.40,584.79,223033340.0
26/02/2014,589.81,VNIndex,590.64,590.79,582.96,154261340.0
25/02/2014,586.20,VNIndex,575.49,586.20,575.49,141747900.0
24/02/2014,576.58,VNIndex,571.94,576.58,570.07,113232880.0
21/02/2014,570.57,VNIndex,570.95,574.61,565.33,116346370.0
20/02/2014,571.04,VNIndex,579.64,584.10,565.31,254367230.0
19/02/2014,578.12,VNIndex,578.53,578.80,573.86,153445030.0
18/02/2014,574.56,VNIndex,570.80,574.56,570.16,154772030.0
17/02/2014,570.20,VNIndex,571.91,572.85,567.89,159214900.0
14/02/2014,572.22,VNIndex,573.09,576.18,569.38,138337230.0
13/02/2014,570.18,VNIndex,567.58,570.68,565.27,145697620.0
12/02/2014,564.25,VNIndex,555.55,564.25,554.26,122316320.0
11/02/2014,553.90,VNIndex,559.74,561.83,553.90,170844850.0
10/02/2014,555.90,VNIndex,550.41,555.90,548.56,106904960.0
07/02/2014,549.76,VNIndex,557.71,558.51,549.37,119495580.0
06/02/2014,554.68,VNIndex,555.51,557.29,551.45,87875560.00
27/01/2014,556.52,VNIndex,560.45,560.49,556.35,65492100.00
24/01/2014,560.19,VNIndex,555.66,560.19,553.46,85521800.00
23/01/2014,553.55,VNIndex,550.88,556.50,550.52,68217050.00
22/01/2014,551.92,VNIndex,561.34,564.61,551.92,114735990.0
21/01/2014,559.91,VNIndex,555.72,560.18,547.65,91154110.00
20/01/2014,553.67,VNIndex,548.22,559.93,548.22,101980700.0
17/01/2014,543.59,VNIndex,536.81,549.88,536.81,114980130.0
16/01/2014,533.54,VNIndex,528.83,533.54,527.90,91792850.00
15/01/2014,526.68,VNIndex,523.72,527.09,522.45,126132570.0
14/01/2014,522.31,VNIndex,521.13,524.59,520.63,85746090.00
13/01/2014,521.11,VNIndex,519.31,522.32,518.78,68452030.00
10/01/2014,518.94,VNIndex,518.33,523.06,518.24,92706120.00
09/01/2014,516.98,VNIndex,513.66,516.98,513.52,88973710.00
08/01/2014,513.90,VNIndex,511.03,514.20,509.01,68649490.00
07/01/2014,510.12,VNIndex,510.84,513.00,509.87,71634380.00
06/01/2014,509.10,VNIndex,505.74,509.10,504.28,68130860.00
03/01/2014,505.37,VNIndex,504.41,506.28,503.94,50143840.00
02/01/2014,504.51,VNIndex,505.61,506.71,503.04,54996230.00
31/12/2013,504.63,VNIndex,500.04,506.44,499.49,59559870.00
30/12/2013,500.35,VNIndex,506.35,507.02,500.35,86921280.00
27/12/2013,506.41,VNIndex,507.08,510.09,506.41,70524800.00
26/12/2013,506.55,VNIndex,504.41,507.57,503.59,69552630.00
25/12/2013,504.42,VNIndex,506.37,506.53,503.03,70603710.00
24/12/2013,505.62,VNIndex,508.61,509.54,505.62,84945860.00
23/12/2013,508.68,VNIndex,506.60,509.41,505.73,98124320.00
20/12/2013,504.45,VNIndex,507.39,508.29,504.45,124403730.0
19/12/2013,506.28,VNIndex,505.90,508.04,504.92,106818860.0
18/12/2013,505.25,VNIndex,505.10,506.11,503.66,61253700.00
17/12/2013,505.67,VNIndex,503.24,505.67,502.04,69511200.00
16/12/2013,502.04,VNIndex,503.46,506.52,502.04,57654010.00
13/12/2013,506.06,VNIndex,507.07,509.35,505.49,63123560.00
12/12/2013,506.92,VNIndex,503.77,507.68,503.76,67902440.00
11/12/2013,505.31,VNIndex,511.70,511.81,504.90,101559530.0
10/12/2013,511.60,VNIndex,512.10,513.83,510.24,78954520.00
09/12/2013,511.23,VNIndex,514.13,514.13,510.94,100343600.0
06/12/2013,510.12,VNIndex,510.03,512.37,509.76,76480180.00
05/12/2013,510.03,VNIndex,510.39,512.21,507.52,100718390.0
04/12/2013,510.88,VNIndex,512.01,513.40,510.66,105380250.0
03/12/2013,511.62,VNIndex,508.13,514.83,508.13,121894670.0
02/12/2013,508.53,VNIndex,509.13,509.48,507.10,75143330.00
29/11/2013,507.78,VNIndex,507.42,508.78,506.05,97557500.00
28/11/2013,507.71,VNIndex,508.53,509.15,506.99,77302730.00
27/11/2013,508.43,VNIndex,510.96,513.25,507.66,97463060.00
26/11/2013,509.16,VNIndex,506.98,510.75,504.65,89242010.00
25/11/2013,506.46,VNIndex,506.94,509.72,506.08,89988180.00
22/11/2013,505.64,VNIndex,504.52,506.46,502.83,101235280.0
21/11/2013,503.54,VNIndex,507.00,510.21,503.54,169313020.0
20/11/2013,505.52,VNIndex,504.68,505.75,502.98,103452470.0
19/11/2013,504.71,VNIndex,505.45,507.63,504.71,91657220.00
18/11/2013,506.48,VNIndex,503.33,507.41,503.33,113389010.0
15/11/2013,501.34,VNIndex,497.88,502.12,497.72,90780020.00
14/11/2013,497.85,VNIndex,496.67,498.79,496.12,60230390.00
13/11/2013,496.12,VNIndex,496.90,498.62,495.68,63518970.00
12/11/2013,497.65,VNIndex,500.81,501.36,496.79,118886010.0
11/11/2013,501.08,VNIndex,498.03,501.08,497.41,87692440.00
08/11/2013,498.61,VNIndex,498.80,500.47,498.33,63364460.00
07/11/2013,499.86,VNIndex,501.40,503.30,499.29,104887510.0
06/11/2013,502.52,VNIndex,500.83,502.52,499.58,76253370.00
05/11/2013,499.79,VNIndex,497.38,500.28,495.84,74452200.00
04/11/2013,497.07,VNIndex,497.25,498.49,495.68,62434130.00
01/11/2013,497.08,VNIndex,499.21,499.27,496.93,38485380.00
31/10/2013,497.41,VNIndex,500.04,500.59,497.41,38620230.00
30/10/2013,499.07,VNIndex,498.00,500.97,497.95,38969860.00
29/10/2013,497.08,VNIndex,494.66,497.74,494.01,48772840.00
28/10/2013,496.46,VNIndex,501.27,501.86,496.46,64298540.00
25/10/2013,500.75,VNIndex,502.80,503.17,499.53,59990570.00
24/10/2013,501.17,VNIndex,503.47,505.74,500.64,84151930.00
23/10/2013,504.05,VNIndex,501.41,504.81,501.41,77983670.00
22/10/2013,500.57,VNIndex,500.94,502.95,498.74,68523680.00
21/10/2013,501.57,VNIndex,501.80,503.72,500.25,109920270.0
18/10/2013,500.83,VNIndex,499.89,501.39,497.91,67031980.00
