date|close_price|high_price|low_price
02/11/2012|375.26|380.33|374.98
05/11/2012|377.27|378.45|372.39
06/11/2012|376.95|379.05|375.12
07/11/2012|380.90|381.22|375.75
08/11/2012|385.60|385.60|380.13
09/11/2012|386.71|386.79|383.72
12/11/2012|388.62|388.94|385.72
13/11/2012|385.22|388.43|385.15
14/11/2012|387.71|389.40|384.61
15/11/2012|386.91|390.65|386.60
16/11/2012|385.71|386.25|383.16
19/11/2012|383.32|386.22|382.42
20/11/2012|385.10|385.37|381.84
21/11/2012|383.87|385.80|382.72
22/11/2012|383.22|384.10|382.57
23/11/2012|381.71|384.25|381.14
26/11/2012|377.90|382.62|377.82
27/11/2012|376.89|378.62|376.08
28/11/2012|375.79|377.32|374.15
29/11/2012|378.20|378.62|376.93
30/11/2012|377.82|380.18|377.52
03/12/2012|379.27|379.27|375.78
04/12/2012|382.10|382.10|377.89
05/12/2012|385.69|387.05|382.10
06/12/2012|385.69|386.62|384.53
07/12/2012|383.80|386.60|383.80
10/12/2012|386.69|387.67|383.53
11/12/2012|389.37|389.37|385.81
12/12/2012|391.08|393.13|386.46
13/12/2012|391.19|393.81|390.57
14/12/2012|392.21|394.61|392.05
17/12/2012|393.63|395.30|391.31
18/12/2012|393.39|396.45|392.34
19/12/2012|398.59|398.59|395.34
20/12/2012|399.68|400.71|397.86
21/12/2012|396.78|400.27|394.27
24/12/2012|399.71|400.22|396.57
25/12/2012|401.34|401.72|398.09
26/12/2012|406.10|406.10|398.31
27/12/2012|409.97|410.68|406.58
28/12/2012|413.73|413.73|408.32
02/01/2013|418.35|419.05|414.41
03/01/2013|419.27|420.68|413.68
04/01/2013|426.06|426.48|417.50
07/01/2013|434.19|434.64|426.86
08/01/2013|447.16|447.16|437.15
09/01/2013|448.77|457.75|442.26
10/01/2013|460.12|460.12|444.08
11/01/2013|462.69|469.16|461.74
14/01/2013|458.97|462.08|455.51
15/01/2013|461.42|461.42|455.93
16/01/2013|465.25|470.34|462.17
17/01/2013|456.76|466.55|456.76
18/01/2013|454.16|459.82|450.28
21/01/2013|447.79|456.34|447.79
22/01/2013|442.85|450.80|441.24
23/01/2013|443.37|447.79|440.48
24/01/2013|452.40|452.40|444.19
25/01/2013|468.09|468.09|455.25
28/01/2013|479.60|485.67|474.27
29/01/2013|484.01|484.34|476.33
30/01/2013|487.60|490.89|482.76
31/01/2013|479.79|485.19|479.79
01/02/2013|483.42|483.42|473.23
04/02/2013|482.38|488.96|482.38
05/02/2013|477.36|482.56|477.36
06/02/2013|488.36|488.62|479.62
07/02/2013|490.62|493.72|488.03
08/02/2013|494.03|495.72|489.64
18/02/2013|493.95|497.87|493.95
19/02/2013|490.78|495.39|490.33
20/02/2013|494.83|495.82|487.68
21/02/2013|476.73|497.70|476.73
22/02/2013|477.69|487.11|470.23
25/02/2013|483.69|483.97|478.30
26/02/2013|465.05|482.50|463.64
27/02/2013|465.72|467.50|459.64
28/02/2013|474.56|476.41|465.72
01/03/2013|477.15|480.39|475.46
04/03/2013|468.74|479.06|468.74
05/03/2013|462.12|467.84|461.61
06/03/2013|471.09|471.09|464.19
07/03/2013|466.63|472.54|466.63
08/03/2013|470.68|471.75|468.10
11/03/2013|476.50|476.79|469.78
12/03/2013|475.34|478.67|470.51
13/03/2013|473.18|478.05|471.85
14/03/2013|474.60|474.60|470.81
15/03/2013|481.35|481.35|474.45
18/03/2013|479.13|482.59|478.54
19/03/2013|480.48|482.21|477.55
20/03/2013|487.04|488.94|480.53
21/03/2013|491.79|494.57|488.43
22/03/2013|489.99|500.59|486.15
25/03/2013|493.57|495.64|488.55
26/03/2013|489.46|496.32|489.14
27/03/2013|491.26|492.46|485.34
28/03/2013|490.67|495.12|487.67
29/03/2013|491.04|492.96|483.50
01/04/2013|505.81|505.81|489.90
02/04/2013|509.43|514.10|507.22
03/04/2013|505.93|511.59|502.38
04/04/2013|497.35|506.63|497.35
05/04/2013|502.58|503.36|497.83
08/04/2013|506.66|507.75|501.91
09/04/2013|510.49|512.85|504.16
10/04/2013|496.50|518.46|496.50
11/04/2013|504.07|504.51|497.16
12/04/2013|494.27|505.90|490.82
15/04/2013|480.02|491.77|478.80
16/04/2013|478.07|479.97|466.56
17/04/2013|483.99|483.99|476.53
18/04/2013|473.21|483.99|471.10
22/04/2013|468.43|472.95|466.78
23/04/2013|473.69|475.48|469.13
24/04/2013|472.89|475.75|472.89
25/04/2013|476.59|477.80|474.29
26/04/2013|474.51|479.12|474.43
02/05/2013|473.02|476.42|472.16
03/05/2013|475.24|475.24|470.81
06/05/2013|488.32|488.32|478.94
07/05/2013|485.58|491.56|484.39
08/05/2013|485.07|488.04|483.03
09/05/2013|486.22|488.57|485.20
10/05/2013|486.10|490.76|484.75
13/05/2013|488.93|490.38|486.96
14/05/2013|483.85|487.45|480.79
15/05/2013|485.97|487.52|481.80
16/05/2013|490.34|491.44|485.28
17/05/2013|487.60|491.85|487.60
20/05/2013|492.27|492.96|485.42
21/05/2013|500.18|502.60|495.95
22/05/2013|502.23|504.68|501.44
23/05/2013|498.22|506.58|498.22
24/05/2013|500.24|503.60|495.96
27/05/2013|512.41|516.08|504.38
28/05/2013|516.33|517.97|512.81
29/05/2013|515.09|520.36|511.31
30/05/2013|521.45|521.45|513.68
31/05/2013|518.39|526.58|518.39
03/06/2013|517.03|521.35|516.64
04/06/2013|510.69|521.96|510.69
05/06/2013|514.64|514.64|508.86
06/06/2013|520.90|521.28|513.16
07/06/2013|527.97|527.97|523.19
10/06/2013|524.56|533.15|524.56
11/06/2013|521.95|525.68|520.94
12/06/2013|518.24|524.91|518.24
13/06/2013|515.09|519.54|510.07
14/06/2013|509.03|518.00|509.03
17/06/2013|498.52|511.23|498.31
18/06/2013|503.37|504.11|500.61
19/06/2013|503.37|504.11|498.88
20/06/2013|499.51|503.75|498.55
21/06/2013|498.84|501.25|495.23
24/06/2013|489.74|501.14|487.41
25/06/2013|473.02|488.55|466.78
26/06/2013|473.53|476.47|466.41
27/06/2013|482.95|482.95|475.00
28/06/2013|481.13|485.94|479.94
01/07/2013|480.04|482.03|475.26
02/07/2013|489.84|490.14|480.72
03/07/2013|487.35|492.93|487.11
04/07/2013|487.22|490.65|486.49
05/07/2013|485.66|489.99|485.22
08/07/2013|482.77|485.95|480.58
09/07/2013|485.50|485.50|481.14
10/07/2013|484.43|489.83|484.43
11/07/2013|484.47|485.44|482.11
12/07/2013|493.99|493.99|485.13
15/07/2013|494.10|498.32|492.95
16/07/2013|496.22|497.83|493.74
17/07/2013|497.50|497.98|493.37
18/07/2013|496.84|500.51|494.23
19/07/2013|503.76|505.38|499.28
22/07/2013|506.16|507.71|501.63
23/07/2013|504.29|508.64|504.22
24/07/2013|494.18|504.27|493.36
25/07/2013|491.78|495.85|491.71
26/07/2013|493.93|495.16|487.92
29/07/2013|485.69|494.36|485.56
30/07/2013|488.54|490.36|485.74
31/07/2013|491.85|493.10|487.10
01/08/2013|492.43|494.31|489.57
02/08/2013|494.66|495.71|493.02
05/08/2013|493.66|496.74|492.75
06/08/2013|496.56|496.56|491.91
07/08/2013|500.10|502.26|495.02
08/08/2013|498.22|503.51|497.08
09/08/2013|500.62|502.04|498.88
12/08/2013|499.46|501.39|497.53
13/08/2013|497.73|502.63|497.40
14/08/2013|503.57|503.89|496.35
15/08/2013|508.22|509.60|505.03
16/08/2013|507.79|510.22|505.48
19/08/2013|511.02|513.34|507.16
20/08/2013|504.81|510.29|504.11
21/08/2013|502.70|504.78|497.01
22/08/2013|496.12|503.92|494.40
23/08/2013|486.82|497.89|482.78
26/08/2013|490.54|490.54|478.59
27/08/2013|485.57|489.89|485.57
28/08/2013|473.30|482.48|470.29
29/08/2013|468.55|477.09|468.55
30/08/2013|472.70|472.70|462.13
03/09/2013|472.17|477.08|470.26
04/09/2013|471.45|476.42|469.30
05/09/2013|477.57|477.77|470.72
06/09/2013|480.03|480.55|475.16
09/09/2013|470.16|478.98|469.39
10/09/2013|474.53|475.62|470.16
11/09/2013|476.40|478.95|473.68
12/09/2013|475.59|477.25|474.96
13/09/2013|476.42|478.00|474.54
16/09/2013|475.57|478.70|473.97
17/09/2013|477.73|480.16|475.82
18/09/2013|474.26|479.43|473.52
19/09/2013|476.09|478.99|475.69
20/09/2013|477.19|477.19|474.70
23/09/2013|479.09|479.09|475.06
24/09/2013|482.82|483.78|478.85
25/09/2013|486.22|488.98|482.41
26/09/2013|485.11|487.88|482.61
27/09/2013|486.61|487.82|483.85
30/09/2013|492.63|492.65|486.70
01/10/2013|492.24|496.59|491.34
02/10/2013|494.39|496.86|492.58
03/10/2013|492.30|495.00|491.59
04/10/2013|497.50|497.73|490.43
07/10/2013|500.47|502.16|496.92
08/10/2013|502.22|502.64|497.58
09/10/2013|500.67|502.52|498.98
10/10/2013|494.81|501.64|494.81
11/10/2013|494.53|498.58|494.53
14/10/2013|493.62|495.67|492.81
15/10/2013|495.72|495.72|492.37
16/10/2013|498.96|500.60|495.02
17/10/2013|499.59|502.64|498.83
18/10/2013|500.83|501.39|497.91
21/10/2013|501.57|503.72|500.25
22/10/2013|500.57|502.95|498.74
23/10/2013|504.05|504.81|501.41
24/10/2013|501.17|505.74|500.64
25/10/2013|500.75|503.17|499.53
28/10/2013|496.46|501.86|496.46
29/10/2013|497.08|497.74|494.01
30/10/2013|499.07|500.97|497.95
31/10/2013|497.41|500.59|497.41
01/11/2013|497.08|499.27|496.93
04/11/2013|497.07|498.49|495.68
05/11/2013|499.79|500.28|495.84
06/11/2013|502.52|502.52|499.58
07/11/2013|499.86|503.30|499.29
08/11/2013|498.61|500.47|498.33
11/11/2013|501.08|501.08|497.41
12/11/2013|497.65|501.36|496.79
13/11/2013|496.12|498.62|495.68
14/11/2013|497.85|498.82|496.12
15/11/2013|501.34|502.12|497.72
18/11/2013|506.48|507.41|503.33
19/11/2013|504.71|507.63|504.71
20/11/2013|505.52|505.75|502.98
21/11/2013|503.54|510.21|503.54
22/11/2013|505.64|506.46|502.83
25/11/2013|506.46|509.72|506.08
26/11/2013|509.16|510.75|504.65
27/11/2013|508.43|513.25|507.66
28/11/2013|507.71|509.15|506.99
29/11/2013|507.78|508.78|506.05
02/12/2013|508.53|509.48|507.10
03/12/2013|511.62|514.83|508.13
04/12/2013|510.88|513.40|510.66
05/12/2013|510.03|512.21|507.52
06/12/2013|510.12|512.37|509.76
09/12/2013|511.23|514.13|510.94
10/12/2013|511.60|513.83|510.24
11/12/2013|505.31|511.81|504.90
12/12/2013|506.92|507.68|503.76
13/12/2013|506.06|509.35|505.49
16/12/2013|502.04|506.52|502.04
17/12/2013|505.67|505.67|502.20
18/12/2013|505.25|506.11|503.66
19/12/2013|506.28|508.04|504.92
20/12/2013|504.45|508.29|504.45
23/12/2013|508.68|509.41|505.73
24/12/2013|505.62|509.54|505.62
25/12/2013|504.42|506.53|503.03
26/12/2013|506.55|507.57|503.59
27/12/2013|506.41|510.09|506.41
30/12/2013|500.35|507.02|500.35
31/12/2013|504.63|506.44|499.49
02/01/2014|504.51|506.71|503.04
03/01/2014|505.37|506.28|503.94
06/01/2014|509.10|509.10|504.28
07/01/2014|510.12|513.00|509.87
08/01/2014|513.90|514.20|509.01
09/01/2014|516.98|516.98|513.52
10/01/2014|518.94|523.06|518.24
13/01/2014|521.11|522.32|518.78
14/01/2014|522.31|524.59|520.63
15/01/2014|526.68|527.09|522.45
16/01/2014|533.54|533.54|527.90
17/01/2014|543.59|549.88|536.81
20/01/2014|553.67|559.93|548.22
21/01/2014|559.91|560.18|547.65
22/01/2014|551.92|564.61|551.92
23/01/2014|553.55|556.50|550.52
24/01/2014|560.19|560.19|553.46
27/01/2014|556.52|560.49|556.35
06/02/2014|554.68|557.29|551.45
07/02/2014|549.76|558.51|549.37
10/02/2014|555.90|555.90|548.56
11/02/2014|553.90|561.83|553.90
12/02/2014|564.25|564.25|554.26
13/02/2014|570.18|570.68|565.27
14/02/2014|572.22|576.18|569.38
17/02/2014|570.20|572.85|567.89
18/02/2014|574.56|574.56|570.16
19/02/2014|578.12|578.80|573.86
20/02/2014|571.04|584.10|565.31
21/02/2014|570.57|574.61|565.33
24/02/2014|576.58|576.58|570.07
25/02/2014|586.20|586.20|575.49
26/02/2014|589.81|590.79|582.96
27/02/2014|587.79|596.40|587.79
28/02/2014|586.48|591.36|581.63
03/03/2014|573.38|587.11|573.37
04/03/2014|569.97|572.28|563.55
05/03/2014|574.94|577.50|569.97
06/03/2014|578.56|580.04|574.58
07/03/2014|579.75|582.24|579.10
10/03/2014|583.69|584.64|579.98
11/03/2014|588.50|589.45|582.20
12/03/2014|590.02|596.38|590.02
13/03/2014|595.22|595.22|590.36
14/03/2014|596.83|600.68|594.51
17/03/2014|600.36|603.24|598.70
18/03/2014|599.85|603.21|597.78
19/03/2014|605.59|605.91|600.42
20/03/2014|600.26|608.51|600.03
21/03/2014|601.75|607.22|600.26
24/03/2014|607.55|609.20|604.18
25/03/2014|601.85|609.46|601.85
26/03/2014|588.06|603.68|587.52
27/03/2014|590.14|591.70|582.81
28/03/2014|594.29|595.70|590.59
31/03/2014|591.57|597.22|591.57
01/04/2014|583.85|593.03|582.30
02/04/2014|581.67|586.50|574.40
03/04/2014|589.44|590.91|582.83
04/04/2014|593.04|593.72|588.34
07/04/2014|600.57|602.55|595.35
08/04/2014|603.25|603.25|598.52
10/04/2014|601.33|608.89|600.43
11/04/2014|600.57|602.01|594.96
14/04/2014|596.11|602.70|596.05
15/04/2014|586.09|597.99|586.09
16/04/2014|574.29|585.51|567.61
17/04/2014|580.31|583.51|575.83
18/04/2014|565.33|580.89|565.33
21/04/2014|558.14|568.44|558.14
22/04/2014|569.87|569.87|556.47
23/04/2014|569.36|573.39|567.04
24/04/2014|570.46|571.57|566.94
25/04/2014|578.92|580.74|571.71
28/04/2014|573.10|580.70|573.10
29/04/2014|578.00|578.21|570.64
05/05/2014|564.85|580.11|564.47
06/05/2014|555.11|562.36|545.97
07/05/2014|559.97|561.56|553.21
08/05/2014|527.09|550.75|525.37
09/05/2014|542.46|542.56|522.70
12/05/2014|517.05|536.82|512.25
13/05/2014|513.91|518.45|508.51
14/05/2014|529.53|529.59|509.82
15/05/2014|524.05|537.27|512.41
16/05/2014|529.49|529.49|519.39
19/05/2014|533.04|534.68|525.82
20/05/2014|537.52|537.93|527.69
21/05/2014|543.88|543.93|533.19
22/05/2014|541.73|547.20|541.43
23/05/2014|541.49|545.30|540.51
26/05/2014|544.06|544.93|536.27
27/05/2014|552.75|552.75|542.49
28/05/2014|557.34|557.93|553.03
29/05/2014|558.45|562.33|555.32
30/05/2014|562.02|565.05|557.20
02/06/2014|556.80|563.12|554.44
03/06/2014|558.76|560.62|554.96
04/06/2014|553.46|559.19|550.23
05/06/2014|551.10|553.96|548.47
06/06/2014|559.04|559.04|551.80
09/06/2014|565.61|571.83|558.64
10/06/2014|566.89|571.73|564.32
11/06/2014|570.36|573.05|566.51
12/06/2014|573.77|574.75|568.58
13/06/2014|574.48|577.27|573.03
16/06/2014|572.37|575.87|571.76
17/06/2014|572.25|573.15|567.58
18/06/2014|570.03|575.03|570.03
19/06/2014|567.35|569.41|558.65
20/06/2014|560.78|571.76|560.78
23/06/2014|565.92|567.71|561.97
24/06/2014|569.74|570.37|565.12
25/06/2014|572.27|574.62|569.27
26/06/2014|576.40|578.29|570.33
27/06/2014|578.82|580.75|575.10
30/06/2014|578.13|582.26|577.76
01/07/2014|578.07|582.16|577.30
02/07/2014|578.80|581.89|576.88
03/07/2014|585.02|585.02|580.55
04/07/2014|589.35|591.38|585.66
07/07/2014|590.69|594.84|589.61
08/07/2014|591.47|593.40|588.54
09/07/2014|591.60|593.42|590.46
10/07/2014|584.88|591.35|581.49
11/07/2014|582.77|586.57|580.54
14/07/2014|586.23|586.23|581.99
15/07/2014|589.31|590.09|587.68
16/07/2014|589.68|594.29|589.68
17/07/2014|590.37|591.42|586.07
18/07/2014|596.26|596.26|589.33
21/07/2014|601.04|604.64|596.96
22/07/2014|597.98|600.93|594.85
23/07/2014|597.50|599.56|594.10
24/07/2014|602.06|602.49|597.03
25/07/2014|600.14|605.78|600.14
28/07/2014|589.45|599.35|587.78
29/07/2014|592.24|592.24|585.75
30/07/2014|589.33|593.58|588.53
31/07/2014|596.07|596.11|587.68
01/08/2014|593.90|596.80|592.38
04/08/2014|599.04|600.52|592.04
05/08/2014|607.73|607.73|599.10
06/08/2014|606.70|610.88|605.63
07/08/2014|607.62|608.42|603.13
08/08/2014|605.43|610.09|604.08
11/08/2014|602.13|607.16|600.48
12/08/2014|601.78|604.89|598.71
13/08/2014|602.76|604.51|599.64
14/08/2014|605.25|607.84|604.08
15/08/2014|604.24|608.46|603.24
18/08/2014|605.08|607.79|603.33
19/08/2014|604.64|609.04|603.61
20/08/2014|606.70|608.72|602.81
21/08/2014|612.94|616.96|608.58
22/08/2014|620.14|622.97|614.51
25/08/2014|625.88|629.58|622.16
26/08/2014|629.06|631.17|625.10
27/08/2014|628.77|632.25|624.68
28/08/2014|632.03|635.94|626.32
29/08/2014|636.65|640.19|631.11
03/09/2014|640.75|644.56|638.95
04/09/2014|640.22|642.88|636.56
05/09/2014|638.65|641.96|638.55
08/09/2014|639.85|642.72|639.19
09/09/2014|626.92|641.20|622.76
10/09/2014|628.80|630.03|618.54
11/09/2014|628.99|633.60|626.26
12/09/2014|632.50|632.91|627.42
15/09/2014|630.34|636.65|630.34
16/09/2014|627.66|631.59|623.66
17/09/2014|625.66|632.22|625.66
18/09/2014|615.80|627.29|615.80
19/09/2014|613.29|619.80|612.40
22/09/2014|611.93|621.36|611.93
23/09/2014|610.39|615.99|610.39
24/09/2014|603.59|611.61|603.59
25/09/2014|605.10|605.50|594.28
26/09/2014|604.98|610.15|604.98
29/09/2014|599.78|605.03|599.78
30/09/2014|598.80|601.54|594.00
01/10/2014|609.27|611.74|603.44
02/10/2014|612.66|614.80|607.57
03/10/2014|611.55|615.42|610.55
06/10/2014|614.42|616.13|611.77
07/10/2014|614.08|617.01|612.94
08/10/2014|617.26|618.37|611.98
09/10/2014|624.34|626.90|622.25
10/10/2014|617.72|627.49|617.72
13/10/2014|614.22|618.29|608.27
14/10/2014|605.79|616.71|605.79
15/10/2014|604.29|606.40|596.50
16/10/2014|587.17|603.59|585.76
17/10/2014|585.28|591.85|577.79
20/10/2014|589.24|593.20|585.70
21/10/2014|600.55|601.14|588.75
22/10/2014|601.59|603.97|598.99
23/10/2014|593.53|602.02|593.11
24/10/2014|591.51|595.33|588.72
27/10/2014|580.80|591.59|580.02
28/10/2014|583.13|584.43|578.44
29/10/2014|591.20|591.83|585.68
30/10/2014|589.14|594.30|589.14
31/10/2014|600.84|600.84|588.16
03/11/2014|603.15|606.94|602.51
04/11/2014|598.39|604.47|598.39
05/11/2014|597.01|602.53|593.53
06/11/2014|597.85|601.28|596.73
07/11/2014|602.59|603.32|597.73
10/11/2014|602.12|607.50|602.12
11/11/2014|604.23|608.68|601.85
12/11/2014|604.01|606.36|603.12
13/11/2014|603.16|607.29|602.62
14/11/2014|600.36|602.51|596.95
17/11/2014|600.93|604.63|600.93
18/11/2014|594.25|602.53|594.25
19/11/2014|588.35|597.29|588.35
20/11/2014|593.32|594.76|589.84
21/11/2014|588.03|596.02|588.03
24/11/2014|582.53|586.54|580.92
25/11/2014|585.91|588.42|583.53
26/11/2014|576.04|588.16|575.09
27/11/2014|572.89|575.82|567.36
28/11/2014|566.58|572.12|565.10
01/12/2014|568.01|571.69|565.09
02/12/2014|569.43|570.79|568.55
03/12/2014|574.88|575.95|570.44
04/12/2014|578.38|581.27|576.63
05/12/2014|578.76|582.42|578.18
08/12/2014|571.68|577.44|569.24
09/12/2014|555.31|567.55|554.51
10/12/2014|557.19|558.47|544.78
11/12/2014|550.11|557.96|547.55
12/12/2014|553.93|554.82|547.69
15/12/2014|547.93|554.35|547.93
16/12/2014|535.14|545.66|535.00
17/12/2014|518.22|536.64|513.06
18/12/2014|528.45|528.60|521.33
19/12/2014|523.09|533.30|522.10
22/12/2014|537.54|537.54|527.28
23/12/2014|537.88|543.22|532.78
24/12/2014|539.44|541.73|536.79
25/12/2014|532.01|537.47|531.52
26/12/2014|533.37|537.89|527.41
29/12/2014|532.68|538.83|528.63
30/12/2014|537.57|537.57|526.61
31/12/2014|545.63|546.62|537.91
05/01/2015|544.45|549.22|543.78
06/01/2015|549.66|550.11|538.82
07/01/2015|552.05|555.83|548.44
08/01/2015|553.47|556.80|552.15
09/01/2015|569.73|570.52|555.53
12/01/2015|574.32|579.73|574.07
13/01/2015|580.60|580.65|573.26
14/01/2015|577.01|582.21|571.67
15/01/2015|577.74|581.24|575.36
16/01/2015|574.81|578.51|574.08
19/01/2015|571.51|579.06|570.10
20/01/2015|572.22|574.96|570.14
21/01/2015|569.12|574.41|569.12
22/01/2015|574.54|576.48|567.82
23/01/2015|582.38|583.57|577.57
26/01/2015|580.64|586.76|580.64
27/01/2015|579.30|584.28|575.50
28/01/2015|583.76|584.35|578.59
29/01/2015|583.28|585.66|580.37
30/01/2015|576.07|584.08|574.46
02/02/2015|570.37|579.73|570.37
03/02/2015|557.47|574.83|557.47
04/02/2015|561.45|561.69|553.21
05/02/2015|567.17|568.22|562.05
06/02/2015|574.13|574.36|569.03
09/02/2015|573.55|577.04|572.79
10/02/2015|574.52|578.42|574.24
11/02/2015|581.76|581.76|574.88
12/02/2015|584.67|584.99|581.86
13/02/2015|587.24|589.02|585.60
24/02/2015|596.95|596.95|589.74
25/02/2015|592.66|601.55|592.66
26/02/2015|596.72|597.07|591.78
27/02/2015|592.57|598.40|590.58
02/03/2015|590.73|593.72|588.59
03/03/2015|596.72|597.45|590.42
04/03/2015|600.39|600.69|595.34
05/03/2015|596.91|602.40|596.75
06/03/2015|593.97|598.33|592.71
09/03/2015|588.44|596.32|587.27
10/03/2015|589.66|591.17|586.38
11/03/2015|586.54|590.56|586.49
12/03/2015|588.53|589.67|585.48
13/03/2015|586.10|591.75|586.10
16/03/2015|580.80|586.19|580.55
17/03/2015|581.76|583.59|580.60
18/03/2015|578.68|581.53|577.26
19/03/2015|573.74|580.32|573.52
20/03/2015|575.44|577.56|571.92
23/03/2015|570.89|579.39|570.44
24/03/2015|567.43|569.91|562.07
25/03/2015|560.93|568.40|559.87
26/03/2015|556.16|559.68|553.19
27/03/2015|551.42|561.13|549.65
30/03/2015|545.19|554.26|545.07
31/03/2015|551.13|552.72|544.87
01/04/2015|538.91|551.69|537.30
02/04/2015|546.85|546.85|536.87
03/04/2015|547.85|550.30|544.22
06/04/2015|542.97|549.28|542.97
07/04/2015|548.11|548.37|540.79
08/04/2015|547.72|551.23|546.29
09/04/2015|550.52|552.53|546.76
10/04/2015|554.03|557.65|550.96
13/04/2015|559.54|559.68|555.97
14/04/2015|558.67|562.95|558.49
15/04/2015|564.50|565.39|558.94
16/04/2015|568.28|570.68|564.50
17/04/2015|568.32|572.76|568.28
20/04/2015|565.04|568.83|562.66
21/04/2015|562.24|567.52|562.24
22/04/2015|562.51|565.04|561.53
23/04/2015|561.25|564.45|557.57
24/04/2015|565.77|567.36|561.56
27/04/2015|562.40|568.47|562.40
04/05/2015|545.08|563.36|545.08
05/05/2015|552.65|552.65|539.04
06/05/2015|549.30|555.51|548.17
07/05/2015|552.98|554.22|547.53
08/05/2015|554.51|556.39|550.93
11/05/2015|551.67|556.20|550.57
12/05/2015|544.41|552.56|542.70
13/05/2015|542.82|546.99|538.76
14/05/2015|543.69|545.00|540.72
15/05/2015|537.44|545.48|537.44
18/05/2015|528.95|536.71|528.90
19/05/2015|536.82|537.19|530.00
20/05/2015|550.10|550.33|536.07
21/05/2015|552.56|554.00|547.95
22/05/2015|561.82|561.82|550.81
25/05/2015|563.00|563.84|558.50
26/05/2015|567.20|570.29|562.58
27/05/2015|566.48|569.63|563.28
28/05/2015|572.97|576.92|564.73
29/05/2015|569.56|577.03|568.70
01/06/2015|574.98|579.58|570.14
02/06/2015|570.31|581.24|570.31
03/06/2015|567.90|573.91|567.81
04/06/2015|568.99|573.50|567.89
05/06/2015|578.07|579.01|568.37
08/06/2015|579.83|585.51|580.74
09/06/2015|574.47|582.13|573.73
10/06/2015|574.10|576.62|569.59
11/06/2015|581.05|582.68|575.25
12/06/2015|582.73|585.01|578.80
15/06/2015|586.48|586.67|581.35
16/06/2015|580.35|589.33|580.35
17/06/2015|578.87|584.04|575.88
18/06/2015|580.35|583.02|578.47
19/06/2015|584.70|588.48|582.47
22/06/2015|594.08|594.08|588.01
23/06/2015|593.07|595.11|590.76
24/06/2015|590.02|594.01|589.02
25/06/2015|587.99|590.37|585.34
26/06/2015|581.75|592.59|581.75
29/06/2015|591.75|591.75|579.61
30/06/2015|593.05|598.98|588.77
01/07/2015|591.50|594.52|587.33
02/07/2015|605.70|605.70|590.52
03/07/2015|616.43|617.96|608.82
06/07/2015|625.22|625.34|618.65
07/07/2015|630.27|633.73|620.59
08/07/2015|623.17|634.13|617.29
09/07/2015|622.10|626.38|613.34
10/07/2015|627.28|630.79|624.70
13/07/2015|634.06|637.07|627.69
14/07/2015|638.69|640.43|628.43
15/07/2015|630.89|641.06|630.89
16/07/2015|626.90|632.21|622.57
17/07/2015|628.63|631.67|626.21
20/07/2015|620.54|624.84|616.11
21/07/2015|616.61|624.47|613.83
22/07/2015|629.85|629.94|613.58
23/07/2015|632.01|637.91|631.43
24/07/2015|631.26|634.61|627.99
27/07/2015|635.46|636.84|629.42
28/07/2015|631.47|639.54|631.47
29/07/2015|624.70|634.64|624.70
30/07/2015|626.57|627.11|622.43
31/07/2015|621.06|629.97|621.06
03/08/2015|609.47|617.12|605.63
04/08/2015|600.76|609.91|600.76
05/08/2015|607.08|608.21|600.68
06/08/2015|601.04|609.31|600.85
07/08/2015|603.76|604.04|597.75
10/08/2015|614.53|614.53|603.82
11/08/2015|613.05|619.69|611.17
12/08/2015|604.24|611.46|602.01
13/08/2015|594.26|604.24|590.44
14/08/2015|589.03|598.55|585.97
17/08/2015|573.15|591.20|571.26
18/08/2015|580.22|580.22|571.22
19/08/2015|577.82|580.99|569.21
20/08/2015|566.69|577.82|565.09
21/08/2015|556.30|566.69|542.31
24/08/2015|526.93|556.30|523.55
25/08/2015|529.98|535.48|511.13
26/08/2015|545.89|545.89|529.98
27/08/2015|555.81|558.93|545.89
28/08/2015|570.87|570.87|555.81
31/08/2015|564.75|573.10|563.99
01/09/2015|562.31|569.18|561.28
03/09/2015|554.30|562.31|551.47
04/09/2015|556.81|558.90|554.77
07/09/2015|554.93|560.09|554.44
08/09/2015|566.72|566.72|554.34
09/09/2015|572.34|574.73|566.72
10/09/2015|572.07|576.13|567.09
11/09/2015|566.74|573.99|566.18
14/09/2015|562.17|572.25|561.46
15/09/2015|563.27|565.05|561.10
16/09/2015|564.13|564.82|561.69
17/09/2015|562.48|565.85|562.48
18/09/2015|566.25|569.50|562.48
21/09/2015|572.12|572.26|565.16
22/09/2015|573.20|575.17|570.26
23/09/2015|572.72|573.85|569.51
24/09/2015|570.25|575.36|570.12
25/09/2015|570.38|572.09|567.71
28/09/2015|564.88|572.15|564.88
29/09/2015|561.19|564.88|557.65
30/09/2015|562.64|565.65|561.19
01/10/2015|563.54|565.63|562.64
02/10/2015|562.31|565.01|561.73
05/10/2015|570.00|570.00|563.95
06/10/2015|581.29|581.38|570.00
07/10/2015|579.57|587.30|579.57
08/10/2015|586.78|588.35|579.57
09/10/2015|588.02|593.02|586.78
12/10/2015|592.10|594.74|587.25
13/10/2015|590.84|592.10|588.54
14/10/2015|589.98|593.73|589.62
15/10/2015|592.40|594.17|588.98
16/10/2015|593.02|599.74|592.40
19/10/2015|594.61|598.11|591.60
20/10/2015|590.45|596.37|588.26
21/10/2015|590.24|594.50|589.84
22/10/2015|595.08|595.81|589.74
23/10/2015|601.74|602.55|595.08
26/10/2015|598.61|606.79|598.61
27/10/2015|598.44|600.51|595.62
28/10/2015|596.24|601.09|596.24
29/10/2015|605.20|605.20|596.24
30/10/2015|607.37|608.01|603.93
02/11/2015|602.76|610.17|601.99
03/11/2015|611.71|611.71|600.46
04/11/2015|610.60|617.93|610.60
05/11/2015|615.18|616.46|608.53
06/11/2015|612.36|617.79|608.89
09/11/2015|610.66|613.79|610.35
10/11/2015|605.27|610.66|605.08
11/11/2015|603.53|609.24|603.34
12/11/2015|605.58|605.58|595.86
13/11/2015|611.27|611.27|603.72
16/11/2015|609.21|611.92|605.39
17/11/2015|605.05|611.18|605.05
18/11/2015|603.34|606.62|602.13
19/11/2015|601.90|605.56|600.84
20/11/2015|604.46|606.58|601.90
23/11/2015|599.99|607.69|599.99
24/11/2015|593.83|599.99|590.41
25/11/2015|595.70|596.92|588.10
26/11/2015|590.40|595.70|590.39
27/11/2015|582.86|591.84|582.86
30/11/2015|573.20|582.86|571.12
01/12/2015|570.41|577.58|570.41
02/12/2015|574.42|577.03|570.41
03/12/2015|574.38|576.84|573.20
04/12/2015|571.62|574.69|567.95
07/12/2015|563.62|571.62|563.41
08/12/2015|574.15|574.15|556.92
09/12/2015|565.20|576.63|565.20
10/12/2015|561.04|567.62|561.04
11/12/2015|563.43|567.13|559.73
14/12/2015|562.22|566.28|560.99
15/12/2015|568.00|568.74|562.22
16/12/2015|572.55|575.54|568.00
17/12/2015|577.11|579.18|572.55
18/12/2015|568.18|578.00|568.18
21/12/2015|566.90|571.28|565.35
22/12/2015|566.35|570.86|565.48
23/12/2015|564.27|568.16|562.30
24/12/2015|566.17|567.80|564.27
25/12/2015|567.67|570.49|566.17
28/12/2015|569.90|572.92|567.67
29/12/2015|576.29|576.29|566.49
30/12/2015|579.45|579.45|575.71
31/12/2015|579.03|580.82|575.73
04/01/2016|574.41|579.97|573.15
05/01/2016|569.94|575.40|569.26
06/01/2016|574.57|574.57|569.50
07/01/2016|565.36|574.57|561.09
08/01/2016|560.05|565.36|556.36
11/01/2016|557.87|563.04|557.51
12/01/2016|564.26|564.26|557.36
13/01/2016|560.37|566.02|560.37
14/01/2016|553.03|560.37|550.60
15/01/2016|543.04|556.55|543.04
18/01/2016|526.37|543.04|518.16
19/01/2016|535.77|535.77|525.65
20/01/2016|529.44|536.57|529.42
21/01/2016|521.88|531.21|520.74
22/01/2016|522.24|525.83|513.82
25/01/2016|542.35|542.35|522.24
26/01/2016|537.73|542.98|531.27
27/01/2016|542.69|543.88|537.73
28/01/2016|539.47|544.73|538.59
29/01/2016|545.25|545.71|537.51
01/02/2016|540.56|548.58|540.56
02/02/2016|536.45|542.26|535.38
03/02/2016|539.07|539.07|530.23
04/02/2016|542.15|545.17|539.07
05/02/2016|544.75|545.54|540.64
15/02/2016|543.79|544.75|537.81
16/02/2016|548.05|548.89|543.79
17/02/2016|547.05|552.38|547.05
18/02/2016|552.49|555.05|547.05
19/02/2016|554.03|555.16|551.38
22/02/2016|560.71|561.44|554.03
23/02/2016|561.28|567.58|560.71
24/02/2016|568.04|569.70|557.77
25/02/2016|562.82|573.63|562.82
26/02/2016|566.11|566.80|562.39
29/02/2016|559.37|566.31|559.37
01/03/2016|561.56|565.65|559.37
02/03/2016|570.18|570.18|561.56
03/03/2016|570.39|573.88|569.39
04/03/2016|573.65|576.02|568.83
07/03/2016|576.20|580.95|573.65
08/03/2016|574.71|579.87|574.53
09/03/2016|571.71|576.32|571.48
10/03/2016|575.91|575.91|571.52
11/03/2016|577.26|580.93|574.81
14/03/2016|577.98|579.84|576.26
15/03/2016|574.04|578.96|572.59
16/03/2016|577.07|577.96|573.37
17/03/2016|579.26|583.53|577.07
18/03/2016|575.82|580.81|575.44
21/03/2016|572.27|580.83|572.27
22/03/2016|570.91|573.80|567.80
23/03/2016|574.71|575.22|570.39
24/03/2016|570.66|577.21|570.66
25/03/2016|572.08|572.48|564.88
28/03/2016|575.72|576.00|571.58
29/03/2016|568.28|576.07|568.28
30/03/2016|569.91|571.89|565.55
31/03/2016|561.22|570.94|561.22
01/04/2016|558.43|562.73|557.96
04/04/2016|555.82|560.92|554.30
05/04/2016|560.32|560.32|555.15
06/04/2016|567.79|567.79|560.32
07/04/2016|571.60|572.56|567.01
08/04/2016|572.34|574.46|569.09
11/04/2016|579.27|581.88|572.34
12/04/2016|579.84|582.97|577.17
13/04/2016|578.02|582.81|575.65
14/04/2016|579.49|584.81|575.69
15/04/2016|579.86|586.36|579.49
19/04/2016|568.28|579.86|568.28
20/04/2016|568.03|571.71|565.30
21/04/2016|575.73|577.41|568.03
22/04/2016|592.48|592.48|574.57
25/04/2016|591.58|601.61|591.58
26/04/2016|598.48|598.48|590.19
27/04/2016|593.96|601.79|591.35
28/04/2016|591.67|597.28|589.97
29/04/2016|598.37|599.71|591.20
04/05/2016|599.07|603.08|592.43
05/05/2016|601.51|605.21|599.07
06/05/2016|606.52|608.94|601.51
09/05/2016|603.85|612.97|603.85
10/05/2016|605.05|605.46|597.74
11/05/2016|614.06|614.06|605.05
12/05/2016|612.12|617.56|612.12
13/05/2016|610.82|615.30|608.04
16/05/2016|615.78|616.17|608.49
17/05/2016|624.75|626.12|615.78
18/05/2016|622.45|627.81|621.79
19/05/2016|619.20|623.68|618.13
20/05/2016|614.81|622.48|614.41
23/05/2016|611.03|616.83|610.45
24/05/2016|611.62|613.14|608.15
25/05/2016|611.89|616.38|611.62
26/05/2016|604.34|613.37|604.34
27/05/2016|608.11|609.94|603.23
30/05/2016|614.50|615.52|608.11
31/05/2016|618.44|621.14|614.50
01/06/2016|619.86|620.24|616.33
02/06/2016|623.37|624.52|618.38
03/06/2016|621.88|625.19|621.62
06/06/2016|620.05|624.55|616.98
07/06/2016|624.65|624.69|620.05
08/06/2016|627.87|632.68|624.65
09/06/2016|631.26|631.26|626.27
10/06/2016|629.84|633.47|628.56
13/06/2016|623.58|629.84|621.40
14/06/2016|625.43|626.40|619.13
15/06/2016|627.02|628.75|621.76
16/06/2016|625.11|630.21|625.11
17/06/2016|619.25|625.11|618.16
20/06/2016|626.46|626.46|619.25
21/06/2016|628.00|631.96|626.46
22/06/2016|626.41|629.95|625.81
23/06/2016|632.27|632.60|626.41
24/06/2016|620.77|632.27|597.68
27/06/2016|621.27|621.27|608.26
28/06/2016|622.20|624.85|617.65
29/06/2016|630.12|631.25|622.20
30/06/2016|632.26|637.46|630.12
01/07/2016|640.30|643.55|632.26
04/07/2016|647.96|647.96|640.30
05/07/2016|650.88|658.45|647.52
06/07/2016|649.46|652.36|644.07
07/07/2016|661.12|661.12|649.46
08/07/2016|658.68|665.53|655.91
11/07/2016|652.26|664.89|648.77
12/07/2016|658.90|658.90|649.86
13/07/2016|675.12|676.06|658.90
14/07/2016|666.69|681.75|666.69
15/07/2016|664.56|670.18|661.47
18/07/2016|673.50|673.50|662.25
19/07/2016|667.76|677.35|660.09
20/07/2016|660.26|667.86|660.26
21/07/2016|659.57|665.90|656.03
22/07/2016|649.87|659.57|640.26
25/07/2016|649.30|654.17|646.04
26/07/2016|648.59|651.93|642.91
27/07/2016|656.11|656.11|647.74
28/07/2016|657.14|657.20|649.86
29/07/2016|652.23|657.88|650.98
01/08/2016|648.38|655.38|646.02
02/08/2016|636.05|643.20|633.33
03/08/2016|631.61|634.75|627.66
04/08/2016|631.94|641.02|631.61
05/08/2016|627.39|631.94|622.49
08/08/2016|629.46|629.91|622.14
09/08/2016|637.34|637.34|629.46
10/08/2016|648.33|648.48|637.21
11/08/2016|660.24|660.24|648.31
12/08/2016|655.71|668.52|652.67
15/08/2016|659.47|659.47|653.64
16/08/2016|658.11|662.13|656.83
17/08/2016|660.51|660.76|657.06
18/08/2016|660.65|665.94|656.35
19/08/2016|662.28|666.93|659.64
22/08/2016|657.68|664.95|657.68
23/08/2016|659.16|659.16|652.88
24/08/2016|660.77|665.43|659.16
25/08/2016|658.50|660.77|656.49
26/08/2016|667.75|668.84|658.50
29/08/2016|669.44|679.62|667.75
30/08/2016|672.67|672.67|666.33
31/08/2016|674.63|676.26|671.39
01/09/2016|669.19|674.72|664.77
05/09/2016|664.55|670.08|660.31
06/09/2016|663.90|668.40|663.90
07/09/2016|661.28|663.90|656.22
08/09/2016|666.07|668.20|660.54
09/09/2016|666.88|672.39|666.07
12/09/2016|659.76|666.88|655.55
13/09/2016|659.72|661.74|654.95
14/09/2016|656.64|661.82|656.64
15/09/2016|656.18|660.32|654.84
16/09/2016|651.31|657.53|651.31
19/09/2016|657.89|658.35|651.31
20/09/2016|663.37|663.37|653.28
21/09/2016|668.48|668.83|662.79
22/09/2016|671.38|675.36|668.48
23/09/2016|674.09|674.09|670.30
26/09/2016|677.04|677.04|671.51
27/09/2016|684.89|684.89|676.24
28/09/2016|686.72|687.94|682.98
29/09/2016|688.55|692.17|685.91
30/09/2016|685.73|689.12|684.62
03/10/2016|683.05|688.42|681.99
04/10/2016|684.20|689.17|680.24
05/10/2016|687.04|689.50|684.20
06/10/2016|687.32|690.93|687.04
07/10/2016|683.95|690.19|680.26
10/10/2016|674.19|684.46|674.19
11/10/2016|682.36|682.36|669.20
12/10/2016|682.45|686.18|681.12
13/10/2016|685.23|685.23|678.79
14/10/2016|687.00|690.62|684.78
17/10/2016|680.95|687.94|680.95
18/10/2016|682.02|682.99|678.13
19/10/2016|688.89|689.88|682.02
20/10/2016|686.39|690.86|685.63
21/10/2016|684.83|687.54|683.76
24/10/2016|678.02|684.83|677.89
25/10/2016|676.18|678.02|670.60
26/10/2016|673.61|676.18|670.80
27/10/2016|676.90|676.90|671.61
28/10/2016|682.25|682.25|675.85
31/10/2016|675.80|683.34|675.80
01/11/2016|676.60|676.60|672.33
02/11/2016|671.40|678.14|671.40
03/11/2016|667.63|671.40|661.86
04/11/2016|666.73|668.99|665.08
07/11/2016|674.14|674.36|666.61
08/11/2016|676.46|677.91|674.14
09/11/2016|670.26|676.46|656.68
10/11/2016|678.17|678.57|670.26
11/11/2016|679.20|679.56|676.73
14/11/2016|673.05|679.96|672.45
15/11/2016|674.26|675.73|671.55
16/11/2016|674.60|676.90|673.95
17/11/2016|674.57|676.48|673.13
18/11/2016|673.25|675.15|669.18
21/11/2016|674.29|675.04|671.65
22/11/2016|681.91|681.91|674.29
23/11/2016|683.16|684.12|679.81
24/11/2016|678.18|683.61|676.39
25/11/2016|675.87|678.87|671.48
28/11/2016|665.29|675.87|660.96
29/11/2016|658.26|667.79|658.26
30/11/2016|665.07|665.78|654.99
01/12/2016|666.54|670.81|665.07
02/12/2016|665.14|667.39|662.09
05/12/2016|660.21|665.14|658.11
06/12/2016|651.49|660.77|648.37
07/12/2016|653.53|654.13|647.33
08/12/2016|658.89|660.72|653.53
09/12/2016|663.07|664.46|658.89
12/12/2016|659.70|664.67|658.84
13/12/2016|654.66|663.54|654.34
14/12/2016|665.14|665.14|654.66
15/12/2016|665.92|668.07|664.08
16/12/2016|675.16|675.19|665.92
19/12/2016|674.33|679.90|673.88
20/12/2016|662.66|674.33|662.66
21/12/2016|666.94|667.06|657.40
22/12/2016|664.15|669.95|663.70
23/12/2016|664.37|664.37|659.18
26/12/2016|662.45|665.73|662.09
27/12/2016|663.86|665.50|661.41
28/12/2016|663.50|666.64|661.80
29/12/2016|664.72|666.43|663.50
30/12/2016|664.87|665.49|663.39
03/01/2017|672.01|672.34|664.87
04/01/2017|674.70|675.93|672.01
05/01/2017|675.81|675.92|673.31
06/01/2017|679.80|683.76|675.22
09/01/2017|682.57|684.88|679.80
10/01/2017|681.07|683.02|680.76
11/01/2017|687.16|687.16|680.85
12/01/2017|686.96|688.99|685.59
13/01/2017|685.06|688.62|685.06
16/01/2017|677.94|685.06|677.85
17/01/2017|684.71|684.73|677.94
18/01/2017|683.28|688.07|683.28
19/01/2017|682.31|684.19|680.80
20/01/2017|686.26|688.42|682.31
23/01/2017|687.15|689.47|686.26
24/01/2017|691.36|692.75|687.08
25/01/2017|697.28|697.28|691.19
02/02/2017|703.18|703.20|697.28
03/02/2017|700.35|708.10|700.09
06/02/2017|700.04|702.02|696.92
07/02/2017|701.91|703.30|698.99
08/02/2017|702.04|702.77|700.47
09/02/2017|700.65|702.64|700.21
10/02/2017|703.78|704.08|700.65
13/02/2017|705.90|706.47|703.58
14/02/2017|706.26|707.32|703.85
15/02/2017|711.57|711.73|706.26
16/02/2017|709.35|717.57|709.35
17/02/2017|707.83|710.21|705.84
20/02/2017|710.59|711.40|704.41
21/02/2017|716.55|718.06|710.59
22/02/2017|717.24|719.09|715.36
23/02/2017|716.87|719.58|712.36
24/02/2017|714.47|717.94|713.70
27/02/2017|717.44|718.37|711.70
28/02/2017|710.79|719.14|710.79
01/03/2017|709.52|712.49|705.79
02/03/2017|707.51|713.53|707.51
03/03/2017|712.62|712.62|705.83
06/03/2017|716.29|718.04|712.62
07/03/2017|716.54|716.95|714.27
08/03/2017|716.60|718.78|713.89
09/03/2017|715.80|718.23|714.96
10/03/2017|712.21|716.81|712.21
13/03/2017|710.17|712.63|707.63
14/03/2017|714.71|716.49|709.29
15/03/2017|713.14|716.49|713.14
16/03/2017|714.92|715.03|710.66
17/03/2017|710.54|717.10|710.54
20/03/2017|715.07|717.54|710.54
21/03/2017|716.18|718.80|714.78
22/03/2017|712.94|720.68|712.94
23/03/2017|719.56|719.56|712.61
24/03/2017|722.14|724.36|719.56
27/03/2017|723.52|725.57|721.41
28/03/2017|719.26|725.00|718.66
29/03/2017|720.47|721.92|718.37
30/03/2017|723.86|725.91|720.47
31/03/2017|722.31|726.67|722.31
03/04/2017|722.38|724.37|721.58
04/04/2017|724.14|724.67|722.38
05/04/2017|723.22|726.03|722.49
07/04/2017|727.95|727.95|720.28
10/04/2017|729.87|730.90|727.77
11/04/2017|731.33|732.24|729.87
12/04/2017|725.58|732.87|724.48
13/04/2017|724.35|727.34|723.88
14/04/2017|718.45|724.35|714.13
17/04/2017|710.83|721.78|710.83
18/04/2017|714.93|714.93|705.55
19/04/2017|716.77|716.77|714.02
20/04/2017|712.66|716.77|712.66
21/04/2017|712.41|715.08|711.08
24/04/2017|709.39|712.77|709.39
25/04/2017|707.58|709.81|706.04
26/04/2017|710.04|710.04|706.32
27/04/2017|716.53|716.53|710.04
28/04/2017|717.73|718.54|713.83
03/05/2017|719.54|719.54|716.66
04/05/2017|722.02|723.22|717.98
05/05/2017|720.00|722.02|719.86
08/05/2017|718.86|720.61|717.98
09/05/2017|722.11|722.11|716.95
10/05/2017|724.31|727.52|721.81
11/05/2017|724.99|726.82|723.39
12/05/2017|725.37|726.40|724.41
15/05/2017|725.35|726.19|723.18
16/05/2017|725.03|727.86|725.03
17/05/2017|727.20|728.01|722.81
18/05/2017|726.99|729.00|723.80
19/05/2017|733.82|733.82|726.79
22/05/2017|744.10|746.87|733.82
23/05/2017|740.93|746.18|740.28
24/05/2017|742.74|744.27|737.30
25/05/2017|741.91|746.48|740.89
26/05/2017|743.41|743.46|740.60
29/05/2017|746.25|748.06|743.41
30/05/2017|738.21|747.43|738.21
31/05/2017|737.82|741.93|735.39
01/06/2017|741.80|742.23|737.82
02/06/2017|738.81|742.11|736.09
05/06/2017|743.49|745.14|738.35
06/06/2017|751.31|751.31|743.49
07/06/2017|753.46|754.92|751.31
08/06/2017|750.13|753.46|748.91
09/06/2017|749.72|752.01|749.04
12/06/2017|751.09|753.41|749.00
13/06/2017|756.89|756.89|750.10
14/06/2017|760.77|761.70|756.82
15/06/2017|760.57|762.98|758.17
16/06/2017|761.24|762.43|759.98
19/06/2017|766.83|766.83|761.24
20/06/2017|767.99|768.29|764.42
21/06/2017|767.41|767.99|758.90
22/06/2017|766.30|769.99|766.30
23/06/2017|769.01|769.01|763.64
26/06/2017|772.52|773.14|769.01
27/06/2017|767.51|773.40|767.19
28/06/2017|769.04|769.04|762.78
29/06/2017|771.75|773.08|769.04
30/06/2017|776.47|776.50|771.75
03/07/2017|778.88|780.01|775.53
04/07/2017|775.54|779.15|772.90
05/07/2017|778.32|778.32|773.81
06/07/2017|782.65|782.77|778.32
07/07/2017|775.73|783.81|775.73
10/07/2017|766.56|775.85|764.43
11/07/2017|769.36|769.36|761.57
12/07/2017|774.17|775.08|769.36
13/07/2017|778.30|778.30|773.85
14/07/2017|777.60|780.65|776.88
17/07/2017|768.91|778.30|766.47
18/07/2017|767.49|770.37|762.68
19/07/2017|771.30|774.12|767.49
20/07/2017|768.41|771.30|763.55
21/07/2017|761.86|770.43|761.86
24/07/2017|759.74|761.86|753.82
25/07/2017|767.27|767.27|757.35
26/07/2017|773.88|773.88|764.92
27/07/2017|771.50|774.97|770.30
28/07/2017|777.09|777.09|770.82
31/07/2017|783.55|783.58|776.72
01/08/2017|786.81|787.68|783.55
02/08/2017|786.23|788.97|779.81
03/08/2017|788.49|790.82|786.19
04/08/2017|788.68|790.12|786.09
07/08/2017|792.98|796.09|788.66
08/08/2017|791.57|796.62|789.84
09/08/2017|773.66|791.57|773.66
10/08/2017|773.43|776.77|769.58
11/08/2017|772.08|774.31|769.14
14/08/2017|776.17|776.42|770.65
15/08/2017|771.06|776.83|770.09
16/08/2017|773.57|773.57|766.80
17/08/2017|767.59|774.47|767.59
18/08/2017|768.97|770.79|762.46
